time_step_counter,season_counter,dap,Wr,z_gw,surface_storage,IrrDay,Infl,Runoff,DeepPerc,CR,GwIn,Es,EsPot,Tr,TrPot,Date
0.0,-1.0,0.0,82.75,-999.0,0.0,0.0,0.0,0.0,0.0,0.0,0.0,3.3452273508237473,4.466,0.0,0.0,2024-10-01
1.0,-1.0,0.0,81.02,-999.0,0.0,0.0,0.0,0.0,0.0,0.0,0.0,1.7348248761103457,3.4980000000000007,0.0,0.0,2024-10-02
2.0,-1.0,0.0,79.73,-999.0,0.0,0.0,0.0,0.0,0.0,0.0,0.0,1.2873805536570813,3.333,0.0,0.0,2024-10-03
3.0,-1.0,0.0,78.71,-999.0,0.0,0.0,0.0,0.0,0.0,0.0,0.0,1.022719783699532,3.212,0.0,0.0,2024-10-04
4.0,-1.0,0.0,78.21,-999.0,0.0,0.0,0.0,0.0,0.0,0.0,0.0,0.501541151592921,1.793,0.0,0.0,2024-10-05
5.0,-1.0,0.0,77.52,-999.0,0.0,0.0,0.0,0.0,0.0,0.0,0.0,0.690100168010143,2.728,0.0,0.0,2024-10-06
6.0,-1.0,0.0,77.03,-999.0,0.0,0.0,0.0,0.0,0.0,0.0,0.0,0.4903277173042693,2.145,0.0,0.0,2024-10-07
7.0,-1.0,0.0,76.53,-999.0,0.0,0.0,0.0,0.0,0.0,0.0,0.0,0.4944245394354503,2.3540000000000005,0.0,0.0,2024-10-08
8.0,-1.0,0.0,74.33,-999.0,0.0,0.0,0.01,0.0,0.0,0.0,0.0,2.209817263980362,3.3660000000000005,0.0,0.0,2024-10-09
9.0,-1.0,0.0,72.76,-999.0,0.0,0.0,0.0,0.0,0.0,0.0,0.0,1.5710930383702282,3.883,0.0,0.0,2024-10-10
10.0,-1.0,0.0,71.98,-999.0,0.0,0.0,0.0,0.0,0.0,0.0,0.0,0.7851904927327017,2.64,0.0,0.0,2024-10-11
11.0,-1.0,0.0,71.48,-999.0,0.0,0.0,0.0,0.0,0.0,0.0,0.0,0.4991041891648488,1.9910000000000003,0.0,0.0,2024-10-12
12.0,-1.0,0.0,70.87,-999.0,0.0,0.0,0.0,0.0,0.0,0.0,0.0,0.6131395699974823,2.8380000000000005,0.0,0.0,2024-10-13
13.0,-1.0,0.0,70.28,-999.0,0.0,0.0,0.0,0.0,0.0,0.0,0.0,0.587552365917805,3.2010000000000005,0.0,0.0,2024-10-14
14.0,0.0,1.0,83.47,-999.0,0.0,0.0,0.0,0.0,0.0,0.0,0.0,2.6326820089695557,3.311,0.0,0.0,2024-10-15
15.0,0.0,2.0,82.03,-999.0,0.0,0.0,0.0,0.0,0.0,0.0,0.0,1.4385555426071561,2.519,0.0,0.0,2024-10-16
16.0,0.0,3.0,84.08,-999.0,0.0,0.0,3.69,0.0,0.0,0.0,0.0,1.639,1.639,0.0,0.0,2024-10-17
17.0,0.0,4.0,111.81,-999.0,0.0,0.0,29.703572252248403,5.8764277477515945,0.0,0.0,0.0,1.9690000000000003,1.9690000000000003,0.0,0.0,2024-10-18
18.0,0.0,5.0,89.71000000000001,-999.0,0.0,0.0,0.61,0.0,11.518370876898148,0.0,0.0,2.732610449679383,3.102,0.0,0.0,2024-10-19
19.0,0.0,6.0,85.68,-999.0,0.0,0.0,0.85,0.0,8.393230002569751,0.0,0.0,1.5053279125745542,1.551,0.0,0.0,2024-10-20
20.0,0.0,7.0,83.78,-999.0,0.0,0.0,0.01,0.0,3.2216392704115204,0.0,0.0,1.1349737189252163,1.2210000000000003,0.0,0.0,2024-10-21
21.0,0.0,8.0,84.04,-999.0,0.0,0.0,0.0,0.0,0.9223017624707035,0.0,0.0,2.43788414726182,3.5970000000000004,0.0,0.0,2024-10-22
22.0,0.0,9.0,94.32,-999.0,0.0,0.0,0.0,0.0,0.23233780558631661,0.0,0.0,1.1629951751074992,2.3540000000000005,0.0,0.0,2024-10-23
23.0,0.0,10.0,101.77000000000001,-999.0,0.0,0.0,0.0,0.0,0.055884936137909985,0.0,0.0,1.1435236401963194,2.8380000000000005,0.0,0.0,2024-10-24
24.0,0.0,11.0,106.55,-999.0,0.0,0.0,0.0,0.0,0.013282217972767083,0.0,0.0,0.9557319658487166,2.8600000000000003,0.0,0.0,2024-10-25
25.0,0.0,12.0,114.60000000000001,-999.0,0.0,0.0,0.0,0.0,0.0031505938351988018,0.0,0.0,0.5639857933111115,1.9360000000000002,0.0,0.0,2024-10-26
26.0,0.0,13.0,119.5,-999.0,0.0,0.0,0.0,0.0,0.0007472012049683911,0.0,0.0,0.5679797412357565,2.1596128498140623,0.2668645319430416,0.2668645319430416,2024-10-27
27.0,0.0,14.0,124.68,-999.0,0.0,0.0,0.0,0.0,0.00016078465601264587,0.0,0.0,0.36174448713869234,1.5346310497388076,0.1999798431355985,0.1999798431355985,2024-10-28
28.0,0.0,15.0,129.72,-999.0,0.0,0.0,0.0,0.0,3.81319294221776e-05,0.0,0.0,0.42609573562997893,1.9784528346292185,0.27193855639916964,0.27193855639916964,2024-10-29
29.0,0.0,16.0,134.36,-999.0,0.0,0.0,0.22,0.0,9.043427422141969e-06,0.0,0.0,1.0831949647546772,1.6392567479677425,0.2377146440418313,0.23771464404183126,2024-10-30
30.0,0.0,17.0,139.94,-999.0,0.0,0.0,0.82,0.0,2.1447534114570936e-06,0.0,0.0,0.8492235332280756,0.8757169470219704,0.13401192031322334,0.13401192031322334,2024-10-31
31.0,0.0,18.0,144.65,-999.0,0.0,0.0,0.04,0.0,5.086530734982896e-07,0.0,0.0,0.7942590687497694,1.6533946070813104,0.26707913769974745,0.26707913769974745,2024-11-01
32.0,0.0,19.0,149.3,-999.0,0.0,0.0,0.0,0.0,1.2063299244199168e-07,0.0,0.0,0.7524749134397409,2.0256384512738195,0.3445228362786953,0.3445228362786953,2024-11-02
33.0,0.0,20.0,153.98000000000002,-999.0,0.0,0.0,0.0,0.0,2.86094925262898e-08,0.0,0.0,0.6564991075730232,2.2243452009228792,0.39791129933836167,0.39791129933836167,2024-11-03
34.0,0.0,21.0,186.75,-999.0,0.0,30.0,30.0,0.0,6.7850720530325e-09,0.0,0.0,2.509668292058408,2.509668292058408,0.4611336639365476,0.4611336639365476,2024-11-04
35.0,0.0,22.0,185.16000000000003,-999.0,0.0,0.0,0.0,0.0,3.8904077624872553,0.0,0.0,1.6731725444892656,1.6731725444892656,0.2728802441778905,0.2728802441778905,2024-11-05
36.0,0.0,23.0,183.14,-999.0,0.0,0.0,0.08,0.0,3.5875893355173654,0.0,0.0,1.5093639846214193,1.6934058795408342,0.31291429174893004,0.31291429174893,2024-11-06
37.0,0.0,24.0,186.48000000000002,-999.0,0.0,0.0,0.0,0.0,1.6669260285956644,0.0,0.0,1.0576496575185137,1.5777467771280056,0.3362442095056845,0.3362442095056845,2024-11-07
38.0,0.0,25.0,190.13000000000002,-999.0,0.0,0.0,0.0,0.0,0.5438282125045689,0.0,0.0,1.2550774586451336,2.4035957007211697,0.5677819600647012,0.5677819600647012,2024-11-08
39.0,0.0,26.0,191.18,-999.0,0.0,0.0,0.02,0.0,0.14659358741690934,0.0,0.0,1.379188754431668,1.6137113164836185,0.39460926423395065,0.39460926423395065,2024-11-09
40.0,0.0,27.0,195.42,-999.0,0.0,0.0,0.0,0.0,0.03207297558253787,0.0,0.0,1.0599025883290267,1.6553537618373348,0.4382196234345488,0.4382196234345488,2024-11-10
41.0,0.0,28.0,200.5,-999.0,0.0,0.0,0.0,0.0,0.007606021754384265,0.0,0.0,0.42676297684346953,0.8131078163412074,0.22802774195813844,0.22802774195813844,2024-11-11
42.0,0.0,29.0,205.24999999999997,-999.0,0.0,0.0,2.78,0.0,0.0018038304257338034,0.0,0.0,0.7010844545421822,0.7010844545421822,0.20278319076802542,0.20278319076802542,2024-11-12
43.0,0.0,30.0,215.60999999999999,-999.0,0.0,0.0,5.17,0.0,0.00042779780961784374,0.0,0.0,0.4164974718499809,0.4164974718499809,0.12828597956422017,0.12828597956422017,2024-11-13
44.0,0.0,31.0,223.85,-999.0,0.0,0.0,6.7656184988548205,0.024381501145179778,0.00010145711775506167,0.0,0.0,1.0506674904995783,1.0506674904995783,0.35137762724037686,0.35137762724037686,2024-11-14
45.0,0.0,32.0,228.07000000000002,-999.0,0.0,0.0,0.0,0.0,0.700566645118747,0.0,0.0,0.468746552989471,0.468746552989471,0.16643286863532453,0.16643286863532453,2024-11-15
46.0,0.0,33.0,229.3,-999.0,0.0,0.0,0.39,0.0,0.8171114825963055,0.0,0.0,0.8794467427833144,0.8983849604289609,0.33184045613904106,0.33184045613904106,2024-11-16
47.0,0.0,34.0,233.32000000000002,-999.0,0.0,0.0,0.16,0.0,0.4339231420341039,0.0,0.0,1.1167756585483812,1.2032986662136356,0.43124360259413347,0.4312436025941334,2024-11-17
48.0,0.0,35.0,236.16999999999996,-999.0,0.0,0.0,1.26,0.0,0.15172154365053364,0.0,0.0,0.8975850807340174,0.8975850807340174,0.2700140534472214,0.27001405344722135,2024-11-18
49.0,0.0,36.0,238.14999999999995,-999.0,0.0,0.0,0.15,0.0,0.04216847551119931,0.0,0.0,0.7689988108514999,0.8051010344464169,0.26017179884130975,0.26017179884130975,2024-11-19
50.0,0.0,37.0,242.33999999999997,-999.0,0.0,0.0,0.0,0.0,0.010516733444513758,0.0,0.0,1.003434240049427,1.2826302753918093,0.5477341901272189,0.5477341901272189,2024-11-20
51.0,0.0,38.0,243.64999999999998,-999.0,0.0,0.0,0.0,0.0,0.0025230254912011296,0.0,0.0,0.8706682783960914,1.449802957934923,0.6910906224740889,0.6910906224740889,2024-11-21
52.0,0.0,39.0,248.53999999999996,-999.0,0.0,0.0,0.0,0.0,0.0005392847990128545,0.0,0.0,0.46551119455189455,0.9304344698343231,0.3795595058991718,0.3795595058991718,2024-11-22
53.0,0.0,40.0,250.44999999999996,-999.0,0.0,0.0,0.19,0.0,0.00012789749859791702,0.0,0.0,0.8368614473460187,0.887357214496743,0.3097414848687263,0.3097414848687263,2024-11-23
54.0,0.0,41.0,253.40999999999997,-999.0,0.0,0.0,0.88,0.0,3.0332363930792796e-05,0.0,0.0,0.5429307888526447,0.5429307888526447,0.24960904337527273,0.24960904337527273,2024-11-24
55.0,0.0,42.0,260.23999999999995,-999.0,0.0,0.0,3.54,0.0,7.1936704969383295e-06,0.0,0.0,1.5911275592441934,1.5911275592441934,0.8648465855909216,0.8648465855909216,2024-11-25
56.0,0.0,43.0,260.90999999999997,-999.0,0.0,0.0,0.0,0.0,1.7060622287640744e-06,0.0,0.0,1.7859575836460657,1.7859575836460657,0.4083513581487921,0.4083513581487921,2024-11-26
57.0,0.0,44.0,260.81999999999994,-999.0,0.0,0.0,0.0,0.0,4.046123265034066e-07,0.0,0.0,1.9069749105535274,2.3452194850088066,1.0558136264579001,1.0558136264579001,2024-11-27
58.0,0.0,45.0,263.63999999999993,-999.0,0.0,0.0,0.0,0.0,9.595848024066646e-08,0.0,0.0,1.22065714394265,2.4709646085913737,1.69964192685832,1.69964192685832,2024-11-28
59.0,0.0,46.0,264.12999999999994,-999.0,0.0,0.0,0.0,0.0,2.2757693309863822e-08,0.0,0.0,0.6624359920680986,2.076205719495505,1.7176936383994446,1.7176936383994446,2024-11-29
60.0,0.0,47.0,265.21999999999997,-999.0,0.0,0.0,0.0,0.0,4.909599834665517e-09,0.0,0.0,0.4212483301908771,1.519549104871193,1.3617737284120193,1.3617737284120193,2024-11-30
61.0,0.0,48.0,266.28,-999.0,0.0,0.0,0.0,0.0,1.1643805824894844e-09,0.0,0.0,0.37978401662218303,1.5139384066295192,1.426712210426393,1.426712210426393,2024-12-01
62.0,0.0,49.0,271.21999999999997,-999.0,0.0,0.0,0.0,0.0,2.7611311680138897e-10,0.0,0.0,0.23637850324173046,1.0185684964277386,0.5643602260228,0.5643602260228,2024-12-02
63.0,0.0,50.0,273.71999999999997,-999.0,0.0,0.0,0.0,0.0,6.546697726749085e-11,0.0,0.0,0.14949829667235529,0.6765655913575671,0.2199115944435157,0.2199115944435157,2024-12-03
64.0,0.0,51.0,276.33,-999.0,0.0,0.0,0.0,0.0,1.4228269315573691e-11,0.0,0.0,0.09334707201985293,0.4357409555589141,0.17274718802284472,0.1727471880228447,2024-12-04
65.0,0.0,52.0,278.28999999999996,-999.0,0.0,0.0,0.0,0.0,3.3199295069671946e-12,0.0,0.0,0.17683059579448315,0.8537646728659387,0.7228246568029429,0.7228246568029429,2024-12-05
66.0,0.0,53.0,283.2699999999999,-999.0,0.0,0.0,0.0,0.0,8.130439608899252e-13,0.0,0.0,0.16101733268372442,0.8115669567161496,0.6002023929446691,0.600202392944669,2024-12-06
67.0,0.0,54.0,285.71999999999997,-999.0,0.0,0.0,0.0,0.0,2.032609902224813e-13,0.0,0.0,0.12692384745463545,0.6637625191729787,0.2902030272696606,0.2902030272696606,2024-12-07
68.0,0.0,55.0,288.4599999999999,-999.0,0.0,0.0,0.0,0.0,0.0,0.0,0.0,0.09034140145774981,0.4858549436480509,0.04540440926422798,0.04540440926422798,2024-12-08
69.0,0.0,56.0,291.12999999999994,-999.0,0.0,0.0,0.0,0.0,0.0,0.0,0.0,0.06957803955609064,0.38198047558752635,0.12995059926648966,0.12995059926648966,2024-12-09
70.0,0.0,57.0,293.86999999999995,-999.0,0.0,0.0,0.0,0.0,0.0,0.0,0.0,0.05641484680175983,0.3147874476288628,0.0772117302788952,0.0772117302788952,2024-12-10
71.0,0.0,58.0,299.44,-999.0,0.0,0.0,0.0,0.0,0.0,0.0,0.0,0.05978817878927418,0.33862180690027993,0.11200108291577585,0.11200108291577583,2024-12-11
72.0,0.0,59.0,302.2,-999.0,0.0,0.0,0.0,0.0,0.0,0.0,0.0,0.05628975303157871,0.3236122562903191,0.04966687004477489,0.04966687004477489,2024-12-12
73.0,0.0,60.0,304.60999999999996,-999.0,0.0,0.0,0.0,0.0,0.0,0.0,0.0,0.13631570812898505,0.8030115314425932,0.33464604078527255,0.33464604078527255,2024-12-13
74.0,0.0,61.0,307.18,-999.0,0.0,0.0,0.0,0.0,0.0,0.0,0.0,0.11038463518784976,0.6714293360499449,0.1899404347506222,0.1899404347506222,2024-12-14
75.0,0.0,62.0,309.52,-999.0,0.0,0.0,0.0,0.0,0.0,0.0,0.0,0.10965589668462605,0.6863067875173914,0.411297675833898,0.411297675833898,2024-12-15
76.0,0.0,63.0,311.9699999999999,-999.0,0.0,0.0,0.0,0.0,0.0,0.0,0.0,0.07869790125640351,0.5048550178099848,0.33914561612083005,0.33914561612083005,2024-12-16
77.0,0.0,64.0,314.7199999999999,-999.0,0.0,0.0,0.0,0.0,0.0,0.0,0.0,0.04365505569393625,0.2846142244934596,0.07620561244974725,0.07620561244974725,2024-12-17
78.0,0.0,65.0,320.4,-999.0,0.0,0.0,0.0,0.0,0.0,0.0,0.0,0.040711488182147836,0.26836706401025806,0.0137732797438859,0.0137732797438859,2024-12-18
79.0,0.0,66.0,323.23999999999995,-999.0,0.0,0.0,0.0,0.0,0.0,0.0,0.0,0.031176521116229435,0.20746528072155024,5.415264074363623e-05,5.415264074363622e-05,2024-12-19
80.0,0.0,67.0,325.96,-999.0,0.0,0.0,0.0,0.0,0.0,0.0,0.0,0.048455994400226785,0.32579313573222496,0.10615232691294336,0.10615232691294336,2024-12-20
81.0,0.0,68.0,328.74999999999994,-999.0,0.0,0.0,0.0,0.0,0.0,0.0,0.0,0.049145968307751864,0.33468192093640764,0.03221605881415763,0.03221605881415763,2024-12-21
82.0,0.0,69.0,331.59999999999997,-999.0,0.0,0.0,0.0,0.0,0.0,0.0,0.0,0.026026885285049543,0.17902408779456483,0.0,0.0,2024-12-22
83.0,0.0,70.0,334.40999999999997,-999.0,0.0,0.0,0.0,0.0,0.0,0.0,0.0,0.03203574257287085,0.22203308437200042,0.02690076787427157,0.02690076787427157,2024-12-23
84.0,0.0,71.0,337.21,-999.0,0.0,0.0,0.0,0.0,0.0,0.0,0.0,0.03173188576982433,0.2217780031726462,0.025972877371537157,0.025972877371537157,2024-12-24
85.0,0.0,72.0,339.7,-999.0,0.0,0.0,0.0,0.0,0.0,0.0,0.0,0.04493542179065628,0.3172157282012716,0.3421983526436877,0.3421983526436877,2024-12-25
86.0,0.0,73.0,342.40999999999997,-999.0,0.0,0.0,0.0,0.0,0.0,0.0,0.0,0.039996743558223545,0.28553660389096225,0.1203955568683504,0.12039555686835039,2024-12-26
87.0,0.0,74.0,344.41999999999996,-999.0,0.0,0.0,0.0,0.0,0.0,0.0,0.0,0.06331463193297253,0.4581370066370495,0.7965371116102351,0.7965371116102351,2024-12-27
88.0,0.0,75.0,349.94999999999993,-999.0,0.0,0.0,0.0,0.0,0.0,0.0,0.0,0.044569462574185016,0.32716685477005936,0.1618694367390243,0.1618694367390243,2024-12-28
89.0,0.0,76.0,352.68999999999994,-999.0,0.0,0.0,0.0,0.0,0.0,0.0,0.0,0.041742698466417615,0.3099416401152741,0.09247531987316363,0.09247531987316363,2024-12-29
90.0,0.0,77.0,354.17999999999995,-999.0,0.0,0.0,0.0,0.0,0.0,0.0,0.0,0.04806784900063244,0.3611642715163559,1.321552752666904,1.321552752666904,2024-12-30
91.0,0.0,78.0,356.89,-999.0,0.0,0.0,0.0,0.0,0.0,0.0,0.0,0.01827937869775859,0.13858534552422425,0.14729037493910477,0.14729037493910477,2024-12-31
92.0,0.0,79.0,359.59000000000003,-999.0,0.0,0.0,0.0,0.0,0.0,0.0,0.0,0.022668549346459267,0.17279399534435372,0.1493990854171898,0.1493990854171898,2025-01-01
93.0,0.0,80.0,362.4099999999999,-999.0,0.0,0.0,0.0,0.0,0.0,0.0,0.0,0.015071942527203095,0.11547116342587976,0.04085586675350498,0.04085586675350498,2025-01-02
94.0,0.0,81.0,365.24999999999994,-999.0,0.0,0.0,0.0,0.0,0.0,0.0,0.0,0.01253628768974983,0.09639944614713941,0.007355498074026876,0.007355498074026875,2025-01-03
95.0,0.0,82.0,367.96999999999997,-999.0,0.0,0.0,0.0,0.0,0.0,0.0,0.0,0.02295989009766905,0.1773766244386487,0.13304289273058828,0.13304289273058828,2025-01-04
96.0,0.0,83.0,369.9299999999999,-999.0,0.0,0.0,0.0,0.0,0.0,0.0,0.0,0.029524339471876732,0.22967961756204955,0.8807435191530174,0.8807435191530174,2025-01-05
97.0,0.0,84.0,372.5199999999999,-999.0,0.0,0.0,0.0,0.0,0.0,0.0,0.0,0.022269888994304283,0.17445269159709273,0.25364371261082436,0.25364371261082436,2025-01-06
98.0,0.0,85.0,375.09,-999.0,0.0,0.0,0.0,0.0,0.0,0.0,0.0,0.024251450460984297,0.19115506215762548,0.26767245476237983,0.26767245476237983,2025-01-07
99.0,0.0,86.0,377.88999999999993,-999.0,0.0,0.0,0.0,0.0,0.0,0.0,0.0,0.019370811003588652,0.15358112825587206,0.054861730304185265,0.054861730304185265,2025-01-08
100.0,0.0,87.0,380.74999999999994,-999.0,0.0,0.0,0.0,0.0,0.0,0.0,0.0,0.012900399114904265,0.10272665919911116,0.0,0.0,2025-01-09
101.0,0.0,88.0,383.60999999999996,-999.0,0.0,0.0,0.0,0.0,0.0,0.0,0.0,0.01587730080969228,0.1269164661791874,0.0034330249815377615,0.003433024981537761,2025-01-10
102.0,0.0,89.0,386.19,-999.0,0.0,0.0,0.0,0.0,0.0,0.0,0.0,0.01924438792338977,0.15455206742080188,0.2675501381871779,0.2675501381871779,2025-01-11
103.0,0.0,90.0,388.7,-999.0,0.0,0.0,0.0,0.0,0.0,0.0,0.0,0.018496753935450153,0.14930035795766292,0.34299372853105004,0.34299372853105004,2025-01-12
104.0,0.0,91.0,391.0099999999999,-999.0,0.0,0.0,0.0,0.0,0.0,0.0,0.0,0.019205814492519735,0.155807273439295,0.5393595860103386,0.5393595860103386,2025-01-13
105.0,0.0,92.0,393.29999999999995,-999.0,0.0,0.0,0.0,0.0,0.0,0.0,0.0,0.02161146996101346,0.1762815422939104,0.5563591744232307,0.5563591744232307,2025-01-14
106.0,0.0,93.0,396.12999999999994,-999.0,0.0,0.0,0.0,0.0,0.0,0.0,0.0,0.018185618162103973,0.1491341382979245,0.02041733552777666,0.020417335527776657,2025-01-15
107.0,0.0,94.0,395.43999999999994,-999.0,0.0,0.0,0.0,0.0,0.0,0.0,0.0,0.024296256406425184,0.20037601699215374,0.6714027267689108,0.6714027267689108,2025-01-16
108.0,0.0,95.0,395.3599999999999,-999.0,0.0,0.0,0.0,0.0,0.0,0.0,0.0,0.010006240973571955,0.08291210575548881,0.07183234088175602,0.07183234088175602,2025-01-17
109.0,0.0,96.0,393.7499999999999,-999.0,0.0,0.0,0.0,0.0,0.0,0.0,0.0,0.022123826493463384,0.18409696304551332,1.572503176488726,1.572503176488726,2025-01-18
110.0,0.0,97.0,392.00999999999993,-999.0,0.0,0.0,0.0,0.0,0.0,0.0,0.0,0.020107460735869116,0.16827297738820746,1.726517428283765,1.7265174282837648,2025-01-19
111.0,0.0,98.0,391.28999999999996,-999.0,0.0,0.0,0.0,0.0,0.0,0.0,0.0,0.012646023344526457,0.10630303516954383,0.7027009225244769,0.7027009225244769,2025-01-20
112.0,0.0,99.0,390.9599999999999,-999.0,0.0,0.0,0.0,0.0,0.0,0.0,0.0,0.010148881651036118,0.08557545158464336,0.32836503049715937,0.32836503049715937,2025-01-21
113.0,0.0,100.0,390.36999999999995,-999.0,0.0,0.0,0.0,0.0,0.0,0.0,0.0,0.010863438868510168,0.09185963264408462,0.5834010914621152,0.5834010914621152,2025-01-22
114.0,0.0,101.0,391.37999999999994,-999.0,0.0,0.0,1.07,0.0,0.0,0.0,0.0,0.04216549302577598,0.04216549302577598,0.019210979556223154,0.019210979556223154,2025-01-23
115.0,0.0,102.0,398.5799999999999,-999.0,0.0,0.0,7.22,0.0,0.0,0.0,0.0,0.015208359293709877,0.015208359293709877,0.0028735130404291547,0.0028735130404291547,2025-01-24
116.0,0.0,103.0,404.7199999999999,-999.0,0.0,0.0,6.16,0.0,0.0,0.0,0.0,0.016583903892500664,0.016583903892500664,0.005259640746300431,0.005259640746300431,2025-01-25
117.0,0.0,104.0,405.29999999999995,-999.0,0.0,0.0,0.77,0.0,0.0,0.0,0.0,0.09891262384445591,0.09891262384445591,0.0857691244300039,0.0857691244300039,2025-01-26
118.0,0.0,105.0,405.2099999999999,-999.0,0.0,0.0,0.0,0.0,0.0,0.0,0.0,0.0947720551733964,0.0947720551733964,0.0,0.0,2025-01-27
119.0,0.0,106.0,405.12,-999.0,0.0,0.0,0.0,0.0,0.0,0.0,0.0,0.08871624114447563,0.08871624114447563,0.007338196137147927,0.007338196137147926,2025-01-28
120.0,0.0,107.0,405.03999999999996,-999.0,0.0,0.0,0.0,0.0,0.0,0.0,0.0,0.052296903475323904,0.052296903475323904,0.028372133519257027,0.028372133519257027,2025-01-29
121.0,0.0,108.0,404.9599999999999,-999.0,0.0,0.0,0.0,0.0,0.0,0.0,0.0,0.04826970548577276,0.04826970548577276,0.02892649628476724,0.02892649628476724,2025-01-30
122.0,0.0,109.0,405.0,-999.0,0.0,0.0,0.09,0.0,0.0,0.0,0.0,0.041353455591008614,0.041353455591008614,0.009372683322313448,0.009372683322313448,2025-01-31
123.0,0.0,110.0,409.77,-999.0,0.0,0.0,4.88,0.0,0.0,0.0,0.0,0.039002261781235795,0.039002261781235795,0.06643011975016112,0.06643011975016112,2025-02-01
124.0,0.0,111.0,409.53999999999996,-999.0,0.0,0.0,0.0,0.0,0.0,0.0,0.0,0.052231374664274056,0.052231374664274056,0.17956653613837414,0.17956653613837412,2025-02-02
125.0,0.0,112.0,409.12,-999.0,0.0,0.0,0.0,0.0,0.0,0.0,0.0,0.07473671386177629,0.07473671386177629,0.3484298098690315,0.34842980986903144,2025-02-03
126.0,0.0,113.0,408.66999999999996,-999.0,0.0,0.0,0.0,0.0,0.0,0.0,0.0,0.07828514481804111,0.07828514481804111,0.3566731861049077,0.3566731861049077,2025-02-04
127.0,0.0,114.0,408.0999999999999,-999.0,0.0,0.0,0.0,0.0,0.0,0.0,0.0,0.0836909070131034,0.0836909070131034,0.4894568469886995,0.4894568469886995,2025-02-05
128.0,0.0,115.0,407.78,-999.0,0.0,0.0,0.0,0.0,0.0,0.0,0.0,0.0845458538868786,0.0845458538868786,0.2388284181882649,0.2388284181882649,2025-02-06
129.0,0.0,116.0,407.65999999999997,-999.0,0.0,0.0,0.0,0.0,0.0,0.0,0.0,0.08926040934450585,0.08926040934450585,0.02853077168898601,0.02853077168898601,2025-02-07
130.0,0.0,117.0,407.5999999999999,-999.0,0.0,0.0,0.0,0.0,0.0,0.0,0.0,0.05632629600581119,0.05632629600581119,0.0,0.0,2025-02-08
131.0,0.0,118.0,407.56999999999994,-999.0,0.0,0.0,0.0,0.0,0.0,0.0,0.0,0.03660217379282661,0.03660217379282661,0.0,0.0,2025-02-09
132.0,0.0,119.0,407.4,-999.0,0.0,0.0,0.0,0.0,0.0,0.0,0.0,0.05296757875353522,0.05296757875353522,0.1090532316320512,0.1090532316320512,2025-02-10
133.0,0.0,120.0,407.3399999999999,-999.0,0.0,0.0,0.0,0.0,0.0,0.0,0.0,0.03242477294282003,0.03242477294282003,0.02732938246283187,0.02732938246283187,2025-02-11
134.0,0.0,121.0,406.69999999999993,-999.0,0.0,0.0,0.03,0.0,0.0,0.0,0.0,0.07193689655833252,0.07197390781890395,0.6017201026290976,0.6017201026290975,2025-02-12
135.0,0.0,122.0,406.15,-999.0,0.0,0.0,0.0,0.0,0.0,0.0,0.0,0.06773847348773847,0.07605121903083929,0.4815528708263361,0.4815528708263361,2025-02-13
136.0,0.0,123.0,404.52,-999.0,0.0,0.0,0.0,0.0,0.0,0.0,0.0,0.0624683529466115,0.07726057283324705,1.5638363839507479,1.5638363839507479,2025-02-14
137.0,0.0,124.0,401.13,-999.0,0.0,0.0,0.0,0.0,0.0,0.0,0.0,0.06548867523192817,0.10818311859078908,3.3277825292001446,3.3277825292001446,2025-02-15
138.0,0.0,125.0,398.24999999999994,-999.0,0.0,0.0,0.0,0.0,0.0,0.0,0.0,0.03997647009676918,0.08986886869534966,2.84219002271485,2.84219002271485,2025-02-16
139.0,0.0,126.0,396.37999999999994,-999.0,0.0,0.0,0.0,0.0,0.0,0.0,0.0,0.02748108063188048,0.08045044224937176,1.8323175430794991,1.8323175430794991,2025-02-17
140.0,0.0,127.0,395.65,-999.0,0.0,0.0,0.0,0.0,0.0,0.0,0.0,0.019321482990602594,0.05680771672853106,0.7120786309358307,0.7120786309358307,2025-02-18
141.0,0.0,128.0,394.80999999999995,-999.0,0.0,0.0,0.0,0.0,0.0,0.0,0.0,0.022514797408005233,0.06644898537978643,0.8255832878271845,0.8255832878271844,2025-02-19
142.0,0.0,129.0,394.9799999999999,-999.0,0.0,0.0,0.38,0.0,0.0,0.0,0.0,0.0308498243759128,0.0308498243759128,0.17660548269556242,0.17660548269556242,2025-02-20
143.0,0.0,130.0,395.17999999999995,-999.0,0.0,0.0,0.36,0.0,0.0,0.0,0.0,0.029582624703907937,0.029582624703907937,0.13037610951490022,0.13037610951490022,2025-02-21
144.0,0.0,131.0,395.0199999999999,-999.0,0.0,0.0,0.0,0.0,0.0,0.0,0.0,0.031441990424672626,0.031441990424672626,0.13420898174315302,0.13420898174315302,2025-02-22
145.0,0.0,132.0,394.91999999999996,-999.0,0.0,0.0,0.0,0.0,0.0,0.0,0.0,0.04045229066451693,0.04045229066451693,0.05872772015235048,0.05872772015235048,2025-02-23
146.0,0.0,133.0,394.78999999999996,-999.0,0.0,0.0,0.0,0.0,0.0,0.0,0.0,0.038039348577917284,0.038039348577917284,0.08287093338265525,0.08287093338265525,2025-02-24
147.0,0.0,134.0,391.8599999999999,-999.0,0.0,0.0,0.0,0.0,0.0,0.0,0.0,0.0852081408145347,0.0852081408145347,2.8391498339178325,2.8391498339178325,2025-02-25
148.0,0.0,135.0,389.73999999999995,-999.0,0.0,0.0,0.0,0.0,0.0,0.0,0.0,0.07202116664085671,0.07202116664085671,2.0503824688455223,2.0503824688455223,2025-02-26
149.0,0.0,136.0,387.76,-999.0,0.0,0.0,0.0,0.0,0.0,0.0,0.0,0.05959497943873708,0.05959497943873708,1.925330959947486,1.925330959947486,2025-02-27
150.0,0.0,137.0,385.43999999999994,-999.0,0.0,0.0,0.0,0.0,0.0,0.0,0.0,0.06144588568346359,0.061623744696226,2.255739811198024,2.2557398111980236,2025-02-28
151.0,0.0,138.0,383.27,-999.0,0.0,0.0,0.0,0.0,0.0,0.0,0.0,0.05193483428240317,0.052747896694711964,2.114798369375348,2.114798369375348,2025-03-01
152.0,0.0,139.0,414.03999999999996,-999.0,0.0,0.0,31.69014265787,0.2398573421300026,0.0,0.0,0.0,0.02764192663328656,0.02764192663328656,0.8895702469170733,0.8895702469170733,2025-03-02
153.0,0.0,140.0,423.36,-999.0,0.0,0.0,9.392497976399255,0.8875020236007434,0.0,0.0,0.0,0.022570013489564254,0.022570013489564254,0.04702423595734375,0.04702423595734375,2025-03-03
154.0,0.0,141.0,423.29999999999995,-999.0,0.0,0.0,0.04,0.0,0.0,0.0,0.0,0.028909904919217133,0.028909904919217133,0.08247700582767141,0.08247700582767141,2025-03-04
155.0,0.0,142.0,422.89,-999.0,0.0,0.0,0.0,0.0,0.0,0.0,0.0,0.032967435434194996,0.03296743543419498,0.36587642230561623,0.36587642230561623,2025-03-05
156.0,0.0,143.0,421.41999999999996,-999.0,0.0,0.0,0.0,0.0,0.0,0.0,0.0,0.042680207920534396,0.046915196579431315,1.4455895092480318,1.4455895092480318,2025-03-06
157.0,0.0,144.0,419.95000000000005,-999.0,0.0,0.0,0.05,0.0,0.0,0.0,0.0,0.048436770522548,0.048436770522548,1.4599439530216956,1.4599439530216953,2025-03-07
158.0,0.0,145.0,417.9699999999999,-999.0,0.0,0.0,0.0,0.0,0.0,0.0,0.0,0.05806979897111128,0.05934138378155095,1.9221281467078923,1.9221281467078923,2025-03-08
159.0,0.0,146.0,415.4699999999999,-999.0,0.0,0.0,0.0,0.0,0.0,0.0,0.0,0.04521482052819997,0.06644206218276219,2.447904730466585,2.447904730466585,2025-03-09
160.0,0.0,147.0,413.4799999999999,-999.0,0.0,0.0,0.06,0.0,0.0,0.0,0.0,0.05604464023813146,0.05604464023813146,2.006574830731808,2.006574830731808,2025-03-10
161.0,0.0,148.0,411.79999999999995,-999.0,0.0,0.0,0.02,0.0,0.0,0.0,0.0,0.04402458802551994,0.04437924000757016,1.65814856893112,1.65814856893112,2025-03-11
162.0,0.0,149.0,408.99,-999.0,0.0,0.0,0.0,0.0,0.0,0.0,0.0,0.057250625612439786,0.07075318835492615,2.748744349135616,2.748744349135616,2025-03-12
163.0,0.0,150.0,406.9,-999.0,0.0,0.0,0.0,0.0,0.0,0.0,0.0,0.044621032526696205,0.05579104458094535,2.0390721545667647,2.0390721545667647,2025-03-13
164.0,0.0,151.0,405.01,-999.0,0.0,0.0,0.16,0.0,0.0,0.0,0.0,0.05858059680999261,0.05858059680999261,1.9991218018414685,1.9991218018414683,2025-03-14
165.0,0.0,152.0,402.80999999999995,-999.0,0.0,0.0,0.0,0.0,0.0,0.0,0.0,0.06187734035341211,0.06187734035341211,2.129532915509731,2.1295329155097305,2025-03-15
166.0,0.0,153.0,401.12,-999.0,0.0,0.0,0.0,0.0,0.0,0.0,0.0,0.07988263201362625,0.07988263201362629,1.6092449020721462,1.609244902072146,2025-03-16
167.0,0.0,154.0,396.89,-999.0,0.0,0.0,0.0,0.0,0.0,0.0,0.0,0.12190719385893589,0.12299389373526587,4.109939228334406,4.109939228334406,2025-03-17
168.0,0.0,155.0,393.79999999999995,-999.0,0.0,0.0,0.0,0.0,0.0,0.0,0.0,0.09264117722764441,0.09585915841635155,2.9959157788452266,2.9959157788452266,2025-03-18
169.0,0.0,156.0,389.63,-999.0,0.0,0.0,0.0,0.0,0.0,0.0,0.0,0.10364756977437314,0.10980691956158789,4.07054208876103,4.07054208876103,2025-03-19
170.0,0.0,157.0,383.67999999999995,-999.0,0.0,0.0,0.0,0.0,0.0,0.0,0.0,0.13354885952683043,0.14556390722483015,5.811391652423794,5.811391652423794,2025-03-20
171.0,0.0,158.0,378.03999999999996,-999.0,0.0,0.0,0.0,0.0,0.0,0.0,0.0,0.13048874954135045,0.1468318855107607,5.511830082964668,5.854241916791634,2025-03-21
172.0,0.0,159.0,401.45000000000005,-999.0,0.0,30.0,30.0,0.0,0.0,0.0,0.0,0.17736982834799436,0.17736982834799436,6.412762439742241,6.412762439742241,2025-03-22
173.0,0.0,160.0,394.5,-999.0,0.0,0.0,0.0,0.0,0.0,0.0,0.0,0.20529026373410517,0.20529026373410517,6.740136324402174,6.740136324402174,2025-03-23
174.0,0.0,161.0,389.71999999999997,-999.0,0.0,0.0,0.0,0.0,0.0,0.0,0.0,0.15542186556516568,0.15542186556516568,4.639579468953091,4.639579468953091,2025-03-24
175.0,0.0,162.0,383.91999999999996,-999.0,0.0,0.0,0.0,0.0,0.0,0.0,0.0,0.20557881255830324,0.20557881255830324,5.585504128552058,5.585504128552058,2025-03-25
176.0,0.0,163.0,380.27,-999.0,0.0,0.0,0.0,0.0,0.0,0.0,0.0,0.14207607943773998,0.14207607943773998,3.5164214299873295,3.5164214299873295,2025-03-26
177.0,0.0,164.0,378.16999999999996,-999.0,0.0,0.0,0.58,0.0,0.0,0.0,0.0,0.11981815093201734,0.11981815093201734,2.5596756737971504,2.5596756737971504,2025-03-27
178.0,0.0,165.0,375.03999999999996,-999.0,0.0,0.0,0.04,0.0,0.0,0.0,0.0,0.15852335733884693,0.22018301625296097,3.0089736446878437,3.8183036310512795,2025-03-28
179.0,0.0,166.0,373.87,-999.0,0.0,0.0,0.12,0.0,0.0,0.0,0.0,0.13431415775655808,0.14214664077757194,1.1599365934039763,1.4997809063931598,2025-03-29
180.0,0.0,167.0,371.78,-999.0,0.0,0.0,0.22,0.0,0.0,0.0,0.0,0.2055089203911616,0.2055089203911616,2.096021990137721,3.145644600290165,2025-03-30
181.0,0.0,168.0,369.95,-999.0,0.0,0.0,0.0,0.0,0.0,0.0,0.0,0.1363823126170937,0.20626277220331693,1.7039649153054008,2.9286467897458914,2025-03-31
182.0,0.0,169.0,367.67,-999.0,0.0,0.0,0.0,0.0,0.0,0.0,0.0,0.20251549216913511,0.33195293433299455,2.074474204394402,4.7429408733663845,2025-04-01
183.0,0.0,170.0,393.74,-999.0,0.0,30.0,30.92,0.0,0.0,0.0,0.0,0.34559044759187957,0.34559044759187957,4.5077688656164066,4.5077688656164066,2025-04-02
184.0,0.0,171.0,390.83,-999.0,0.0,0.0,0.35,0.0,0.0,0.0,0.0,0.25243364950413727,0.25243364950413727,3.0052564125579764,3.005256412557976,2025-04-03
185.0,0.0,172.0,387.39,-999.0,0.0,0.0,0.0,0.0,0.0,0.0,0.0,0.2878688624136571,0.2895411455831155,3.145036137568023,3.145036137568023,2025-04-04
186.0,0.0,173.0,382.89,-999.0,0.0,0.0,0.0,0.0,0.0,0.0,0.0,0.23225790975179167,0.4316167104882278,4.275426883218385,4.275426883218385,2025-04-05
187.0,0.0,174.0,378.92,-999.0,0.0,0.0,0.0,0.0,0.0,0.0,0.0,0.15344402002407584,0.4324404290796395,3.814399780195059,3.903843792638266,2025-04-06
188.0,0.0,175.0,375.76,-999.0,0.0,0.0,0.0,0.0,0.0,0.0,0.0,0.11566668044238392,0.44610973635436596,3.0400693636330507,3.6672534334339244,2025-04-07
189.0,0.0,176.0,373.51,-999.0,0.0,0.0,0.0,0.0,0.0,0.0,0.0,0.09741640305732814,0.38317383713105324,2.1502246842729247,2.86549117912417,2025-04-08
190.0,0.0,177.0,371.31,-999.0,0.0,0.0,0.0,0.0,0.0,0.0,0.0,0.12477462287852313,0.5008539754050824,2.0830311928374674,3.4033303008012727,2025-04-09
191.0,0.0,178.0,369.53999999999996,-999.0,0.0,0.0,0.0,0.0,0.0,0.0,0.0,0.12218770192878256,0.5017562202140238,1.6474584579374938,3.0936149588450297,2025-04-10
192.0,0.0,179.0,368.19,-999.0,0.0,0.0,0.0,0.0,0.0,0.0,0.0,0.10977708170043979,0.4605644620765379,1.2342676700165638,2.5723390821337717,2025-04-11
193.0,0.0,180.0,390.67,-999.0,0.0,30.0,30.0,0.0,0.0,0.0,0.0,1.243952854902946,1.243952854902946,6.2815674389469836,6.2815674389469836,2025-04-12
194.0,0.0,181.0,384.25,-999.0,0.0,0.0,0.0,0.0,0.0,0.0,0.0,1.1538129187776807,1.1538129187776807,5.2559093218372634,5.2559093218372634,2025-04-13
195.0,0.0,182.0,379.31,-999.0,0.0,0.0,0.0,0.0,0.0,0.0,0.0,1.1139024964424795,1.1139024964424795,3.8368873818931095,4.565281173914127,2025-04-14
196.0,0.0,183.0,376.45,-999.0,0.0,0.0,0.0,0.0,0.0,0.0,0.0,0.7014567855602314,0.7014567855602314,2.1557835609195055,2.5786832963331605,2025-04-15
197.0,0.0,184.0,373.65999999999997,-999.0,0.0,0.0,0.16,0.0,0.0,0.0,0.0,0.7926505764676667,1.019688602816764,2.1535936314895707,3.3503027082678742,2025-04-16
198.0,0.0,185.0,371.21999999999997,-999.0,0.0,0.0,0.0,0.0,0.0,0.0,0.0,0.7024583746564647,1.131425557978724,1.7399192286995822,3.3085144454427478,2025-04-17
199.0,0.0,186.0,374.27,-999.0,0.0,0.0,5.65,0.0,0.0,0.0,0.0,0.9272078023161164,0.9272078023161164,1.6745150565368507,2.40113004823894,2025-04-18
200.0,0.0,187.0,375.59,-999.0,0.0,0.0,3.55,0.0,0.0,0.0,0.0,0.6805762882723664,0.6805762882723664,1.5516023185564758,1.5516023185564758,2025-04-19
201.0,0.0,188.0,373.46999999999997,-999.0,0.0,0.0,0.0,0.0,0.0,0.0,0.0,0.909884730588131,0.909884730588131,1.2166963326820295,1.8133297063522942,2025-04-20
202.0,0.0,189.0,371.40999999999997,-999.0,0.0,0.0,0.0,0.0,0.0,0.0,0.0,1.0516725738497827,1.0516725738497827,1.011951679636376,1.8164534523456548,2025-04-21
203.0,0.0,190.0,369.58,-999.0,0.0,0.0,0.0,0.0,0.0,0.0,0.0,1.0521784261188412,1.085125477777481,0.7627960361709614,1.6072532691068109,2025-04-22
204.0,0.0,191.0,368.28999999999996,-999.0,0.0,0.0,0.49,0.0,0.0,0.0,0.0,1.1396219618350867,1.3707416622103499,0.6535358767226268,1.6688691137133853,2025-04-23
205.0,0.0,192.0,395.17999999999995,-999.0,0.0,30.0,30.0,0.0,0.0,0.0,0.0,1.6004427906765508,1.6004427906765508,1.495401581129891,1.495401581129891,2025-04-24
206.0,0.0,193.0,393.03,-999.0,0.0,0.0,0.0,0.0,0.0,0.0,0.0,1.2784924840042837,1.2784924840042837,0.8838708378210774,0.8838708378210774,2025-04-25
207.0,0.0,194.0,392.05999999999995,-999.0,0.0,0.0,0.86,0.0,0.0,0.0,0.0,1.2237926503584502,1.2359557122178861,0.60182200298182,0.6018220029818199,2025-04-26
208.0,0.0,195.0,394.29999999999995,-999.0,0.0,0.0,4.35,0.0,0.0,0.0,0.0,1.6010391598779778,1.6010391598779778,0.5120589981508046,0.5120589981508046,2025-04-27
209.0,0.0,196.0,391.69999999999993,-999.0,0.0,0.0,0.0,0.0,0.0,0.0,0.0,2.1849755268361384,2.1849755268361384,0.4126702601170961,0.4126702601170961,2025-04-28
210.0,0.0,197.0,389.49,-999.0,0.0,0.0,0.43,0.0,0.0,0.0,0.0,2.3762660777959868,2.768375999842836,0.2573814089349998,0.2573814089349998,2025-04-29
0.0,0.0,0.0,0.0,0.0,0.0,0.0,0.0,0.0,0.0,0.0,0.0,0.0,0.0,0.0,0.0,2025-04-30
0.0,0.0,0.0,0.0,0.0,0.0,0.0,0.0,0.0,0.0,0.0,0.0,0.0,0.0,0.0,0.0,2025-05-01
0.0,0.0,0.0,0.0,0.0,0.0,0.0,0.0,0.0,0.0,0.0,0.0,0.0,0.0,0.0,0.0,2025-05-02
0.0,0.0,0.0,0.0,0.0,0.0,0.0,0.0,0.0,0.0,0.0,0.0,0.0,0.0,0.0,0.0,2025-05-03
0.0,0.0,0.0,0.0,0.0,0.0,0.0,0.0,0.0,0.0,0.0,0.0,0.0,0.0,0.0,0.0,2025-05-04
0.0,0.0,0.0,0.0,0.0,0.0,0.0,0.0,0.0,0.0,0.0,0.0,0.0,0.0,0.0,0.0,2025-05-05
0.0,0.0,0.0,0.0,0.0,0.0,0.0,0.0,0.0,0.0,0.0,0.0,0.0,0.0,0.0,0.0,2025-05-06
0.0,0.0,0.0,0.0,0.0,0.0,0.0,0.0,0.0,0.0,0.0,0.0,0.0,0.0,0.0,0.0,2025-05-07
0.0,0.0,0.0,0.0,0.0,0.0,0.0,0.0,0.0,0.0,0.0,0.0,0.0,0.0,0.0,0.0,2025-05-08
0.0,0.0,0.0,0.0,0.0,0.0,0.0,0.0,0.0,0.0,0.0,0.0,0.0,0.0,0.0,0.0,2025-05-09
0.0,0.0,0.0,0.0,0.0,0.0,0.0,0.0,0.0,0.0,0.0,0.0,0.0,0.0,0.0,0.0,2025-05-10
0.0,0.0,0.0,0.0,0.0,0.0,0.0,0.0,0.0,0.0,0.0,0.0,0.0,0.0,0.0,0.0,2025-05-11
0.0,0.0,0.0,0.0,0.0,0.0,0.0,0.0,0.0,0.0,0.0,0.0,0.0,0.0,0.0,0.0,2025-05-12
0.0,0.0,0.0,0.0,0.0,0.0,0.0,0.0,0.0,0.0,0.0,0.0,0.0,0.0,0.0,0.0,2025-05-13
0.0,0.0,0.0,0.0,0.0,0.0,0.0,0.0,0.0,0.0,0.0,0.0,0.0,0.0,0.0,0.0,2025-05-14
0.0,0.0,0.0,0.0,0.0,0.0,0.0,0.0,0.0,0.0,0.0,0.0,0.0,0.0,0.0,0.0,2025-05-15
0.0,0.0,0.0,0.0,0.0,0.0,0.0,0.0,0.0,0.0,0.0,0.0,0.0,0.0,0.0,0.0,2025-05-16
0.0,0.0,0.0,0.0,0.0,0.0,0.0,0.0,0.0,0.0,0.0,0.0,0.0,0.0,0.0,0.0,2025-05-17
0.0,0.0,0.0,0.0,0.0,0.0,0.0,0.0,0.0,0.0,0.0,0.0,0.0,0.0,0.0,0.0,2025-05-18
0.0,0.0,0.0,0.0,0.0,0.0,0.0,0.0,0.0,0.0,0.0,0.0,0.0,0.0,0.0,0.0,2025-05-19
0.0,0.0,0.0,0.0,0.0,0.0,0.0,0.0,0.0,0.0,0.0,0.0,0.0,0.0,0.0,0.0,2025-05-20
0.0,0.0,0.0,0.0,0.0,0.0,0.0,0.0,0.0,0.0,0.0,0.0,0.0,0.0,0.0,0.0,2025-05-21
0.0,0.0,0.0,0.0,0.0,0.0,0.0,0.0,0.0,0.0,0.0,0.0,0.0,0.0,0.0,0.0,2025-05-22
0.0,0.0,0.0,0.0,0.0,0.0,0.0,0.0,0.0,0.0,0.0,0.0,0.0,0.0,0.0,0.0,2025-05-23
0.0,0.0,0.0,0.0,0.0,0.0,0.0,0.0,0.0,0.0,0.0,0.0,0.0,0.0,0.0,0.0,2025-05-24
0.0,0.0,0.0,0.0,0.0,0.0,0.0,0.0,0.0,0.0,0.0,0.0,0.0,0.0,0.0,0.0,2025-05-25
0.0,0.0,0.0,0.0,0.0,0.0,0.0,0.0,0.0,0.0,0.0,0.0,0.0,0.0,0.0,0.0,2025-05-26
0.0,0.0,0.0,0.0,0.0,0.0,0.0,0.0,0.0,0.0,0.0,0.0,0.0,0.0,0.0,0.0,2025-05-27
0.0,0.0,0.0,0.0,0.0,0.0,0.0,0.0,0.0,0.0,0.0,0.0,0.0,0.0,0.0,0.0,2025-05-28
0.0,0.0,0.0,0.0,0.0,0.0,0.0,0.0,0.0,0.0,0.0,0.0,0.0,0.0,0.0,0.0,2025-05-29
0.0,0.0,0.0,0.0,0.0,0.0,0.0,0.0,0.0,0.0,0.0,0.0,0.0,0.0,0.0,0.0,2025-05-30
0.0,0.0,0.0,0.0,0.0,0.0,0.0,0.0,0.0,0.0,0.0,0.0,0.0,0.0,0.0,0.0,2025-05-31
0.0,0.0,0.0,0.0,0.0,0.0,0.0,0.0,0.0,0.0,0.0,0.0,0.0,0.0,0.0,0.0,2025-06-01
