time_step_counter,growing_season,dap,th1,th2,th3,th4,th5,th6,th7,th8,th9,th10,th11,th12,Date
0.0,0.0,0.0,0.2535477264917629,0.287,0.287,0.287,0.287,0.287,0.287,0.287,0.287,0.287,0.287,0.287,2024-10-01
1.0,0.0,0.0,0.23619947773065952,0.287,0.287,0.287,0.287,0.287,0.287,0.287,0.287,0.287,0.287,0.287,2024-10-02
2.0,0.0,0.0,0.22332567219408883,0.287,0.287,0.287,0.287,0.287,0.287,0.287,0.287,0.287,0.287,0.287,2024-10-03
3.0,0.0,0.0,0.2130984743570939,0.287,0.287,0.287,0.287,0.287,0.287,0.287,0.287,0.287,0.287,0.287,2024-10-04
4.0,0.0,0.0,0.20808306284116504,0.287,0.287,0.287,0.287,0.287,0.287,0.287,0.287,0.287,0.287,0.287,2024-10-05
5.0,0.0,0.0,0.20118206116106374,0.287,0.287,0.287,0.287,0.287,0.287,0.287,0.287,0.287,0.287,0.287,2024-10-06
6.0,0.0,0.0,0.19627878398802132,0.287,0.287,0.287,0.287,0.287,0.287,0.287,0.287,0.287,0.287,0.287,2024-10-07
7.0,0.0,0.0,0.19133453859366711,0.287,0.287,0.287,0.287,0.287,0.287,0.287,0.287,0.287,0.287,0.287,2024-10-08
8.0,0.0,0.0,0.16933636595386356,0.287,0.287,0.287,0.287,0.287,0.287,0.287,0.287,0.287,0.287,0.287,2024-10-09
9.0,0.0,0.0,0.1536254355701614,0.287,0.287,0.287,0.287,0.287,0.287,0.287,0.287,0.287,0.287,0.287,2024-10-10
10.0,0.0,0.0,0.14577353064283444,0.287,0.287,0.287,0.287,0.287,0.287,0.287,0.287,0.287,0.287,0.287,2024-10-11
11.0,0.0,0.0,0.14078248875118607,0.287,0.287,0.287,0.287,0.287,0.287,0.287,0.287,0.287,0.287,0.287,2024-10-12
12.0,0.0,0.0,0.1346510930512114,0.287,0.287,0.287,0.287,0.287,0.287,0.287,0.287,0.287,0.287,0.287,2024-10-13
13.0,0.0,0.0,0.12877556939203358,0.287,0.287,0.287,0.287,0.287,0.287,0.287,0.287,0.287,0.287,0.287,2024-10-14
14.0,1.0,1.0,0.2606731799103046,0.287,0.287,0.287,0.287,0.287,0.287,0.287,0.287,0.287,0.287,0.287,2024-10-15
15.0,1.0,2.0,0.2462876244842333,0.287,0.287,0.287,0.287,0.287,0.287,0.287,0.287,0.287,0.287,0.287,2024-10-16
16.0,1.0,3.0,0.26679762448423333,0.287,0.287,0.287,0.287,0.287,0.287,0.287,0.287,0.287,0.287,0.287,2024-10-17
17.0,1.0,4.0,0.38611000000000006,0.4058,0.32623334700671736,0.287,0.287,0.287,0.287,0.287,0.287,0.287,0.287,0.287,2024-10-18
18.0,1.0,5.0,0.2793054728417813,0.30957199999999996,0.30815024989895207,0.3036877181308806,0.29914307078891933,0.29634781758391066,0.2949646486121002,0.29435746906099747,0.292850775837411,0.29206582273435255,0.2909597852373476,0.28980304417986474,2024-10-19
19.0,1.0,6.0,0.2727521937160362,0.29215740919550726,0.29184419569242237,0.290850874462937,0.29050337372564367,0.29032837691346475,0.290083323625917,0.2898596491212997,0.2896770743668988,0.28949095675428665,0.28932374873782446,0.2889097602672043,2024-10-20
20.0,1.0,7.0,0.2615024565267844,0.2882129764617912,0.28813989209843927,0.2879076159989885,0.28782617873284616,0.2878190237956673,0.2878116461718402,0.2877959707897603,0.28777624066562196,0.2877553409557728,0.28773354641392884,0.28767794775227795,2024-10-21
21.0,1.0,8.0,0.2371236150541665,0.2872871099845833,0.28726984280911655,0.2872149373368167,0.2871956774252268,0.28719398504077015,0.28719367015715375,0.2871934025410094,0.2871926051115767,0.28719133310547634,0.28718970733036253,0.2871848883472746,2024-10-22
22.0,1.0,9.0,0.2254936633030916,0.28706806000957863,0.2870639685678105,0.2870509572534761,0.28704639255939385,0.2870459914423992,0.2870459168106703,0.287045901841604,0.2870458939024572,0.2870458604778728,0.28704579526285956,0.2870455479449789,2024-10-23
23.0,1.0,10.0,0.21405842690112858,0.28701613945167215,0.2870151693249765,0.2870120841116489,0.28701100171114463,0.2870109065957442,0.2870108888985827,0.2870108853490198,0.287010884614733,0.2870108844474858,0.2870108832799389,0.2870108762608582,2024-10-24
24.0,1.0,11.0,0.2045011072426417,0.28700382755829273,0.2870035974931108,0.287002865831155,0.2870026091368864,0.28700258657996375,0.2870025823830244,0.287002581541234,0.2870025813670955,0.28700258133041245,0.28700258133002177,0.287002581245477,2024-10-25
25.0,1.0,12.0,0.1988612493095308,0.28700090774413395,0.2870008531821664,0.28700067966187426,0.2870006187843954,0.2870006134348051,0.2870006124394606,0.287000612239822,0.28700061219852335,0.2870006121898236,0.28700061218973083,0.287000612188374,2024-10-26
26.0,1.0,13.0,0.19318145189717353,0.2843315699622764,0.2870002023417417,0.2870001611894988,0.2870001467517307,0.287000145483016,0.28700014524695905,0.28700014519961253,0.287000145189818,0.28700014518775485,0.28700014518773276,0.287000145187411,2024-10-27
27.0,1.0,14.0,0.1895640070257868,0.2823317715309204,0.2870000479876688,0.2870000382279442,0.2870000348038622,0.287000034502972,0.28700003444698835,0.2870000344357596,0.28700003443343663,0.2870000344329474,0.2870000344329421,0.28700003443286576,2024-10-28
28.0,1.0,15.0,0.18530304966948707,0.27961238596692867,0.28700001138082976,0.2870000090661985,0.28700000825413796,0.2870000081827784,0.2870000081695012,0.28700000816683824,0.28700000816628735,0.28700000816617127,0.28700000816617,0.28700000816615195,2024-10-29
29.0,1.0,16.0,0.17667110002194047,0.27723523952651036,0.28700000269909537,0.28700000215015387,0.28700000195756425,0.28700000194064046,0.28700000193749164,0.2870000019368601,0.2870000019367294,0.28700000193670194,0.2870000019367017,0.2870000019366974,2024-10-30
30.0,1.0,17.0,0.17637886468965974,0.27589512032337815,0.28700000064012166,0.2870000005099339,0.28700000046425894,0.28700000046024526,0.28700000045949847,0.28700000045934887,0.2870000004593178,0.2870000004593113,0.28700000045931123,0.2870000004593101,2024-10-31
31.0,1.0,18.0,0.16883627400216228,0.27322432894638066,0.2870000001518122,0.28700000012093674,0.28700000011010446,0.28700000010915255,0.2870000001089754,0.2870000001089398,0.2870000001089324,0.287000000108931,0.28700000010893095,0.2870000001089307,2024-11-01
32.0,1.0,19.0,0.161311524867765,0.2697791005835937,0.2870000000360039,0.2870000000286815,0.2870000000261126,0.2870000000258867,0.28700000002584475,0.28700000002583637,0.28700000002583453,0.2870000000258342,0.28700000002583415,0.2870000000258342,2024-11-02
33.0,1.0,20.0,0.15474653379203493,0.2657999875902101,0.28700000000853876,0.28700000000680215,0.28700000000619286,0.28700000000613923,0.28700000000612946,0.28700000000612735,0.287000000006127,0.28700000000612685,0.2870000000061268,0.28700000000612685,2024-11-03
34.0,1.0,21.0,0.3760919804400505,0.4058,0.4058,0.3771465213858835,0.28700000000146875,0.2870000000014559,0.2870000000014536,0.2870000000014532,0.28700000000145304,0.28700000000145304,0.287000000001453,0.28700000000145304,2024-11-04
35.0,1.0,22.0,0.28554924966181255,0.30957199999999996,0.30957199999999996,0.3081489960437752,0.3073065050063548,0.3032358047129924,0.30033200908766344,0.2982004908740851,0.29658849864425507,0.2953365909901367,0.29434189569588426,0.2922682128873282,2024-11-05
36.0,1.0,23.0,0.26802125559712603,0.29215740919550726,0.29215740919550726,0.29184391877098204,0.29165757272104254,0.2910009742420389,0.29094703564544655,0.290790730117052,0.29060147559467475,0.2904076895226606,0.29022115555849737,0.28977651130642346,2024-11-06
37.0,1.0,24.0,0.25408027789442555,0.2882129764617912,0.2882129764617912,0.28813982744908834,0.28809631026249116,0.28794276348839243,0.2879357922567075,0.28793473708108763,0.2879280126983152,0.28791658032900397,0.2879018550325014,0.28785912312268014,2024-11-07
38.0,1.0,25.0,0.2358665167863889,0.2872871099845833,0.2872871099845833,0.28726982753302177,0.2872595440656895,0.2872232481529392,0.2872215998420647,0.2872213503481348,0.2872212922730766,0.2872210693532317,0.2872205438911037,0.28721843773822914,2024-11-08
39.0,1.0,26.0,0.22229542003345024,0.2831219673672391,0.28706806000957863,0.287063964948053,0.2870615281814636,0.28705292687049055,0.28705253623420685,0.2870524771059922,0.28705246334262646,0.2870524497143106,0.2870524445764721,0.287052396609877,2024-11-09
40.0,1.0,27.0,0.21170910884761188,0.2787397711328936,0.28701613945167215,0.28701516846668584,0.28701459067594415,0.28701255115106117,0.28701245852286206,0.28701244450229046,0.28701244123869996,0.28701243800713255,0.2870124367888403,0.2870124254149256,2024-11-10
41.0,1.0,28.0,0.2074458794541598,0.27645949371331224,0.28700382755829273,0.2870035972895671,0.2870034602663679,0.2870029765905652,0.28700295462360004,0.28700295129859243,0.2870029505246252,0.2870029497582523,0.28700294946933164,0.2870029467719841,2024-11-11
42.0,1.0,29.0,0.22823503490873798,0.274431661805632,0.28700090774413395,0.2870008531338943,0.2870008206376265,0.28700070592950283,0.2870007007198326,0.287000699931276,0.2870006997477225,0.2870006995659701,0.2870006994974499,0.28700069885774876,2024-11-12
43.0,1.0,30.0,0.27448720039459595,0.274431661805632,0.28700021528170677,0.2870002023302935,0.2870001946234485,0.2870001674191569,0.28700016618362606,0.2870001659966112,0.2870001659530795,0.2870001659099749,0.28700016589372446,0.2870001657420123,2024-11-13
44.0,1.0,31.0,0.32812293420574457,0.274431661805632,0.28700005105652915,0.2870000479849537,0.28700004615718744,0.28700003970537885,0.2870000394123585,0.2870000393680058,0.2870000393576818,0.2870000393474591,0.2870000393436051,0.2870000393076248,2024-11-14
45.0,1.0,32.0,0.28974703558091297,0.29146884169213116,0.28928173595469375,0.28830130501687756,0.2878793896789341,0.2876506085510851,0.28750930717999124,0.2874143863887084,0.2873467554235021,0.2872964206835311,0.287257677885772,0.2871798968937646,2024-11-15
46.0,1.0,33.0,0.2794359980621456,0.288052208988206,0.28785078024993205,0.2877152268637054,0.2875823781332129,0.2874846998281778,0.2874127424862833,0.28735822724404686,0.28731574438538265,0.2872818154252986,0.2872541496632934,0.2871958542521151,2024-11-16
47.0,1.0,34.0,0.26555618389295327,0.2872491210982036,0.28720149621723534,0.2871694291623005,0.287155090205239,0.2871506097324903,0.28714280592655206,0.2871343887235004,0.28712628759660197,0.2871188007597776,0.2871119901454272,0.28709634871824985,2024-11-17
48.0,1.0,35.0,0.26648019255114086,0.28705905827662953,0.2870477716716492,0.2870401711358646,0.28703677226133173,0.2870367581943905,0.2870365292602094,0.28703602952620655,0.2870353472307436,0.28703456043473186,0.2870337228153215,0.2870315548158683,2024-11-18
49.0,1.0,36.0,0.2576886941348708,0.2870140050230481,0.28701132873403445,0.28700952643401023,0.2870087204513517,0.28700871711560827,0.2870087164581247,0.28700870641508436,0.2870086798555213,0.2870086365499935,0.2870085787944362,0.28700840289770857,2024-11-19
50.0,1.0,37.0,0.24217730192758816,0.2870033213783972,0.287002686691362,0.28700225926940093,0.2870020681269003,0.2870020673358123,0.2870020671798869,0.2870020671482103,0.28700206676312556,0.2870020655594844,0.2870020632876988,0.2870020545888552,2024-11-20
51.0,1.0,38.0,0.23347083457690895,0.2800898814743561,0.2870006371771797,0.2870005358099241,0.28700049047858467,0.2870004902909702,0.28700049025399094,0.2870004902464785,0.28700049024491986,0.2870004902318447,0.287000490184371,0.28700048992619065,2024-11-21
52.0,1.0,39.0,0.2288158251537477,0.27629428641536435,0.28700015111378346,0.2870001270734116,0.2870001163225778,0.287000116278083,0.287000116269313,0.2870001162675313,0.2870001162671616,0.2870001162640608,0.28700011625280175,0.28700011619157145,2024-11-22
53.0,1.0,40.0,0.22234736477208053,0.2731968715666771,0.287000035838373,0.28700003013692316,0.2870000275872396,0.28700002757668713,0.2870000275746073,0.28700002757418475,0.2870000275740971,0.28700002757336174,0.2870000275706915,0.28700002755617005,2024-11-23
54.0,1.0,41.0,0.22571805688355412,0.2707007811329244,0.28700000849948426,0.28700000714731955,0.2870000065426326,0.28700000654012997,0.28700000653963675,0.28700000653953656,0.2870000065395158,0.28700000653934143,0.28700000653870805,0.28700000653526414,2024-11-24
55.0,1.0,42.0,0.23655831543520298,0.2707007811329244,0.28700000201575104,0.28700000169506945,0.28700000155166094,0.2870000015510675,0.28700000155095046,0.2870000015509268,0.2870000015509218,0.2870000015508804,0.2870000015507303,0.2870000015499135,2024-11-25
56.0,1.0,43.0,0.21869873959874234,0.2666172675514365,0.2870000004780586,0.28700000040200535,0.2870000003679943,0.28700000036785356,0.2870000003678258,0.28700000036782014,0.28700000036781903,0.2870000003678093,0.2870000003677737,0.2870000003675799,2024-11-26
57.0,1.0,44.0,0.19962933960745133,0.2560591312868575,0.28700000011337706,0.28700000009534027,0.2870000000872741,0.28700000008724075,0.28700000008723414,0.28700000008723275,0.2870000000872325,0.2870000000872302,0.2870000000872217,0.28700000008717574,2024-11-27
58.0,1.0,45.0,0.1874229401807189,0.23906271201827428,0.2870000000268887,0.2870000000226111,0.28700000002069803,0.28700000002069004,0.28700000002068854,0.28700000002068815,0.2870000000206882,0.28700000002068765,0.2870000000206856,0.28700000002067466,2024-11-28
59.0,1.0,46.0,0.18079865544086193,0.2385906116820915,0.27029516395856523,0.2870000000053624,0.2870000000049087,0.28700000000490683,0.2870000000049065,0.28700000000490644,0.28700000000490633,0.2870000000049063,0.2870000000049058,0.2870000000049033,2024-11-29
60.0,1.0,47.0,0.17658621376203296,0.2385906116820915,0.25667742667444504,0.2870000000012718,0.28700000000116416,0.28700000000116377,0.2870000000011636,0.28700000000116355,0.2870000000011636,0.28700000000116355,0.2870000000011634,0.28700000000116294,2024-11-30
61.0,1.0,48.0,0.17278840776515167,0.2385906116820915,0.24241030457018112,0.28700000000030157,0.2870000000002761,0.28700000000027603,0.28700000000027603,0.287000000000276,0.28700000000027603,0.287000000000276,0.2870000000002758,0.2870000000002757,2024-12-01
62.0,1.0,49.0,0.17042464250580178,0.2385906116820915,0.23676670230995311,0.28700000000007153,0.28700000000006537,0.2870000000000655,0.2870000000000655,0.2870000000000654,0.2870000000000655,0.2870000000000654,0.2870000000000654,0.2870000000000653,2024-12-02
63.0,1.0,50.0,0.16892967148819044,0.2385906116820915,0.23676670230995311,0.2848008840555818,0.2870000000000156,0.2870000000000155,0.2870000000000155,0.28700000000001546,0.2870000000000155,0.28700000000001546,0.28700000000001546,0.2870000000000155,2024-12-03
64.0,1.0,51.0,0.16799620801852247,0.2385906116820915,0.23676670230995311,0.28307341217535337,0.2870000000000037,0.28700000000000364,0.28700000000000364,0.2870000000000036,0.28700000000000364,0.2870000000000036,0.2870000000000036,0.28700000000000364,2024-12-04
65.0,1.0,52.0,0.1662279153774295,0.2385906116820915,0.23676670230995311,0.2758451656073239,0.2870000000000008,0.2870000000000009,0.2870000000000009,0.28700000000000087,0.2870000000000009,0.28700000000000087,0.28700000000000087,0.2870000000000009,2024-12-05
66.0,1.0,53.0,0.16461775370767795,0.2385906116820915,0.23676670230995311,0.2698431416778772,0.28700000000000014,0.28700000000000025,0.28700000000000025,0.2870000000000002,0.28700000000000025,0.2870000000000002,0.2870000000000002,0.28700000000000025,2024-12-06
67.0,1.0,54.0,0.16334852411713163,0.2385906116820915,0.23676670230995311,0.2669411114051806,0.287,0.2870000000000001,0.2870000000000001,0.28700000000000003,0.2870000000000001,0.28700000000000003,0.28700000000000003,0.2870000000000001,2024-12-07
68.0,1.0,55.0,0.16244511626667182,0.2385906116820915,0.23676670230995311,0.26648706731253835,0.287,0.2870000000000001,0.2870000000000001,0.28700000000000003,0.2870000000000001,0.28700000000000003,0.28700000000000003,0.2870000000000001,2024-12-08
69.0,1.0,56.0,0.1617493405303987,0.2385906116820915,0.23676670230995311,0.2651875613198735,0.287,0.2870000000000001,0.2870000000000001,0.28700000000000003,0.2870000000000001,0.28700000000000003,0.28700000000000003,0.2870000000000001,2024-12-09
70.0,1.0,57.0,0.16118519578492588,0.2385906116820915,0.23676670230995311,0.2644154440170845,0.287,0.2870000000000001,0.2870000000000001,0.28700000000000003,0.2870000000000001,0.28700000000000003,0.28700000000000003,0.2870000000000001,2024-12-10
71.0,1.0,58.0,0.16058731788927377,0.2385906116820915,0.23676670230995311,0.26329543318792675,0.287,0.2870000000000001,0.2870000000000001,0.28700000000000003,0.2870000000000001,0.28700000000000003,0.28700000000000003,0.2870000000000001,2024-12-11
72.0,1.0,59.0,0.1600244239742192,0.2385906116820915,0.23676670230995311,0.262798764487479,0.287,0.2870000000000001,0.2870000000000001,0.28700000000000003,0.2870000000000001,0.28700000000000003,0.28700000000000003,0.2870000000000001,2024-12-12
73.0,1.0,60.0,0.15866127545815817,0.2385906116820915,0.23676670230995311,0.2594523040796263,0.287,0.2870000000000001,0.2870000000000001,0.28700000000000003,0.2870000000000001,0.28700000000000003,0.28700000000000003,0.2870000000000001,2024-12-13
74.0,1.0,61.0,0.15755743584473017,0.2385906116820915,0.23676670230995311,0.25755289973212003,0.287,0.2870000000000001,0.2870000000000001,0.28700000000000003,0.2870000000000001,0.28700000000000003,0.28700000000000003,0.2870000000000001,2024-12-14
75.0,1.0,62.0,0.15646088340257885,0.2385906116820915,0.23676670230995311,0.25343992297378104,0.287,0.2870000000000001,0.2870000000000001,0.28700000000000003,0.2870000000000001,0.28700000000000003,0.28700000000000003,0.2870000000000001,2024-12-15
76.0,1.0,63.0,0.15567390897025754,0.2385906116820915,0.23676670230995311,0.25004846681257276,0.287,0.2870000000000001,0.2870000000000001,0.28700000000000003,0.2870000000000001,0.28700000000000003,0.28700000000000003,0.2870000000000001,2024-12-16
77.0,1.0,64.0,0.1552373609176102,0.2385906116820915,0.23676670230995311,0.24928641068807528,0.287,0.2870000000000001,0.2870000000000001,0.28700000000000003,0.2870000000000001,0.28700000000000003,0.28700000000000003,0.2870000000000001,2024-12-17
78.0,1.0,65.0,0.15483024834837297,0.2385906116820915,0.23676670230995311,0.2491486778906364,0.287,0.2870000000000001,0.2870000000000001,0.28700000000000003,0.2870000000000001,0.28700000000000003,0.28700000000000003,0.2870000000000001,2024-12-18
79.0,1.0,66.0,0.15451848489332146,0.2385906116820915,0.23676670230995311,0.24914813636422897,0.287,0.2870000000000001,0.2870000000000001,0.28700000000000003,0.2870000000000001,0.28700000000000003,0.28700000000000003,0.2870000000000001,2024-12-19
80.0,1.0,67.0,0.15403392765386142,0.2385906116820915,0.23676670230995311,0.24808661309509955,0.287,0.2870000000000001,0.2870000000000001,0.28700000000000003,0.2870000000000001,0.28700000000000003,0.28700000000000003,0.2870000000000001,2024-12-20
81.0,1.0,68.0,0.15354247068287932,0.2385906116820915,0.23676670230995311,0.24776445250695797,0.287,0.2870000000000001,0.2870000000000001,0.28700000000000003,0.2870000000000001,0.28700000000000003,0.28700000000000003,0.2870000000000001,2024-12-21
82.0,1.0,69.0,0.1532822032536075,0.2385906116820915,0.23676670230995311,0.24776445250695797,0.287,0.2870000000000001,0.2870000000000001,0.28700000000000003,0.2870000000000001,0.28700000000000003,0.28700000000000003,0.2870000000000001,2024-12-22
83.0,1.0,70.0,0.15296184756838896,0.2385906116820915,0.23676670230995311,0.24749544482821526,0.287,0.2870000000000001,0.2870000000000001,0.28700000000000003,0.2870000000000001,0.28700000000000003,0.28700000000000003,0.2870000000000001,2024-12-23
84.0,1.0,71.0,0.15264453042194895,0.2385906116820915,0.23676670230995311,0.24723571605449987,0.287,0.2870000000000001,0.2870000000000001,0.28700000000000003,0.2870000000000001,0.28700000000000003,0.28700000000000003,0.2870000000000001,2024-12-24
85.0,1.0,72.0,0.15219517860602422,0.2385906116820915,0.23676670230995311,0.243813732528063,0.287,0.2870000000000001,0.2870000000000001,0.28700000000000003,0.2870000000000001,0.28700000000000003,0.28700000000000003,0.2870000000000001,2024-12-25
86.0,1.0,73.0,0.15179521328734955,0.2385906116820915,0.23676670230995311,0.2426097769593795,0.287,0.2870000000000001,0.2870000000000001,0.28700000000000003,0.2870000000000001,0.28700000000000003,0.28700000000000003,0.2870000000000001,2024-12-26
87.0,1.0,74.0,0.1511620702795059,0.2385906116820915,0.23676670230995311,0.23464440584327714,0.287,0.2870000000000001,0.2870000000000001,0.28700000000000003,0.2870000000000001,0.28700000000000003,0.28700000000000003,0.2870000000000001,2024-12-27
88.0,1.0,75.0,0.15071637795550347,0.2385906116820915,0.23676670230995311,0.23464440584327714,0.2853813056326097,0.2870000000000001,0.2870000000000001,0.28700000000000003,0.2870000000000001,0.28700000000000003,0.28700000000000003,0.2870000000000001,2024-12-28
89.0,1.0,76.0,0.15029895310502112,0.2385906116820915,0.23676670230995311,0.23464440584327714,0.2844565524338781,0.2870000000000001,0.2870000000000001,0.28700000000000003,0.2870000000000001,0.28700000000000003,0.28700000000000003,0.2870000000000001,2024-12-29
90.0,1.0,77.0,0.14981827704713382,0.2385906116820915,0.23676670230995311,0.23464440584327714,0.271241024907209,0.2870000000000001,0.2870000000000001,0.28700000000000003,0.2870000000000001,0.28700000000000003,0.28700000000000003,0.2870000000000001,2024-12-30
91.0,1.0,78.0,0.14963548417777578,0.2385906116820915,0.23676670230995311,0.23464440584327714,0.26976812115781795,0.2870000000000001,0.2870000000000001,0.28700000000000003,0.2870000000000001,0.28700000000000003,0.28700000000000003,0.2870000000000001,2024-12-31
92.0,1.0,79.0,0.14940879981688834,0.2385906116820915,0.23676670230995311,0.23464440584327714,0.26827413030364605,0.2870000000000001,0.2870000000000001,0.28700000000000003,0.2870000000000001,0.28700000000000003,0.28700000000000003,0.2870000000000001,2025-01-01
93.0,1.0,80.0,0.1492580811413163,0.2385906116820915,0.23676670230995311,0.23464440584327714,0.267865571636111,0.2870000000000001,0.2870000000000001,0.28700000000000003,0.2870000000000001,0.28700000000000003,0.28700000000000003,0.2870000000000001,2025-01-02
94.0,1.0,81.0,0.14913271888598337,0.2385906116820915,0.23676670230995311,0.23464440584327714,0.2677920166553708,0.2870000000000001,0.2870000000000001,0.28700000000000003,0.2870000000000001,0.28700000000000003,0.28700000000000003,0.2870000000000001,2025-01-03
95.0,1.0,82.0,0.1489031211187658,0.2385906116820915,0.23676670230995311,0.23464440584327714,0.2664615877280649,0.2870000000000001,0.2870000000000001,0.28700000000000003,0.2870000000000001,0.28700000000000003,0.28700000000000003,0.2870000000000001,2025-01-04
96.0,1.0,83.0,0.148607879173142,0.2385906116820915,0.23676670230995311,0.23464440584327714,0.25765415253653473,0.2870000000000001,0.2870000000000001,0.28700000000000003,0.2870000000000001,0.28700000000000003,0.28700000000000003,0.2870000000000001,2025-01-05
97.0,1.0,84.0,0.1483851813696238,0.2385906116820915,0.23676670230995311,0.23464440584327714,0.2551177154104265,0.2870000000000001,0.2870000000000001,0.28700000000000003,0.2870000000000001,0.28700000000000003,0.28700000000000003,0.2870000000000001,2025-01-06
98.0,1.0,85.0,0.1481426680417377,0.2385906116820915,0.23676670230995311,0.23464440584327714,0.2524409908628027,0.2870000000000001,0.2870000000000001,0.28700000000000003,0.2870000000000001,0.28700000000000003,0.28700000000000003,0.2870000000000001,2025-01-07
99.0,1.0,86.0,0.1479489608668244,0.2385906116820915,0.23676670230995311,0.23464440584327714,0.25189237355976085,0.2870000000000001,0.2870000000000001,0.28700000000000003,0.2870000000000001,0.28700000000000003,0.28700000000000003,0.2870000000000001,2025-01-08
100.0,1.0,87.0,0.14781995749608332,0.2385906116820915,0.23676670230995311,0.23464440584327714,0.25189237355976085,0.2870000000000001,0.2870000000000001,0.28700000000000003,0.2870000000000001,0.28700000000000003,0.28700000000000003,0.2870000000000001,2025-01-09
101.0,1.0,88.0,0.14766118524902183,0.2385906116820915,0.23676670230995311,0.23464440584327714,0.2518580433099455,0.2870000000000001,0.2870000000000001,0.28700000000000003,0.2870000000000001,0.28700000000000003,0.28700000000000003,0.2870000000000001,2025-01-10
102.0,1.0,89.0,0.14746874228847334,0.2385906116820915,0.23676670230995311,0.23464440584327714,0.2491825419280737,0.2870000000000001,0.2870000000000001,0.28700000000000003,0.2870000000000001,0.28700000000000003,0.28700000000000003,0.2870000000000001,2025-01-11
103.0,1.0,90.0,0.14728377562824246,0.2385906116820915,0.23676670230995311,0.23464440584327714,0.24575260464276322,0.2870000000000001,0.2870000000000001,0.28700000000000003,0.2870000000000001,0.28700000000000003,0.28700000000000003,0.2870000000000001,2025-01-12
104.0,1.0,91.0,0.14709171839215132,0.2385906116820915,0.23676670230995311,0.23464440584327714,0.24035900878265984,0.2870000000000001,0.2870000000000001,0.28700000000000003,0.2870000000000001,0.28700000000000003,0.28700000000000003,0.2870000000000001,2025-01-13
105.0,1.0,92.0,0.14687560471038355,0.2385906116820915,0.23676670230995311,0.23464440584327714,0.23479541703842755,0.2870000000000001,0.2870000000000001,0.28700000000000003,0.2870000000000001,0.28700000000000003,0.28700000000000003,0.2870000000000001,2025-01-14
106.0,1.0,93.0,0.14669374938128393,0.2385906116820915,0.23676670230995311,0.23464440584327714,0.23479541703842755,0.2867958266447223,0.2870000000000001,0.28700000000000003,0.2870000000000001,0.28700000000000003,0.28700000000000003,0.2870000000000001,2025-01-15
107.0,1.0,94.0,0.14645078795062783,0.2385906116820915,0.23676670230995311,0.23464440584327714,0.23479541703842755,0.2800817993770332,0.2870000000000001,0.28700000000000003,0.2870000000000001,0.28700000000000003,0.28700000000000003,0.2870000000000001,2025-01-16
108.0,1.0,95.0,0.14635072600578042,0.2385906116820915,0.23676670230995311,0.23464440584327714,0.23479541703842755,0.27936347596821565,0.2870000000000001,0.28700000000000003,0.2870000000000001,0.28700000000000003,0.28700000000000003,0.2870000000000001,2025-01-17
109.0,1.0,96.0,0.14612948876495435,0.2385906116820915,0.23676670230995311,0.23464440584327714,0.23479541703842755,0.2636384442033284,0.2870000000000001,0.28700000000000003,0.2870000000000001,0.28700000000000003,0.28700000000000003,0.2870000000000001,2025-01-18
110.0,1.0,97.0,0.14592841508379528,0.2385906116820915,0.23676670230995311,0.23464440584327714,0.23479541703842755,0.24637326992049075,0.2870000000000001,0.28700000000000003,0.2870000000000001,0.28700000000000003,0.28700000000000003,0.2870000000000001,2025-01-19
111.0,1.0,98.0,0.14580195543061708,0.2385906116820915,0.23676670230995311,0.23464440584327714,0.23479541703842755,0.23934626069524598,0.2870000000000001,0.28700000000000003,0.2870000000000001,0.28700000000000003,0.28700000000000003,0.2870000000000001,2025-01-20
112.0,1.0,99.0,0.14570046707855175,0.2385906116820915,0.23676670230995311,0.23464440584327714,0.23479541703842755,0.23735470727082636,0.2857079031194481,0.28700000000000003,0.2870000000000001,0.28700000000000003,0.28700000000000003,0.2870000000000001,2025-01-21
113.0,1.0,100.0,0.14559183318580068,0.2385906116820915,0.23676670230995311,0.23464440584327714,0.23479541703842755,0.23735470727082636,0.27987389220482695,0.28700000000000003,0.2870000000000001,0.28700000000000003,0.28700000000000003,0.2870000000000001,2025-01-22
114.0,1.0,101.0,0.15587017825554295,0.2385906116820915,0.23676670230995311,0.23464440584327714,0.23479541703842755,0.23735470727082636,0.2796817824092647,0.28700000000000003,0.2870000000000001,0.28700000000000003,0.28700000000000003,0.2870000000000001,2025-01-23
115.0,1.0,102.0,0.22791809466260587,0.2385906116820915,0.23676670230995311,0.23464440584327714,0.23479541703842755,0.23735470727082636,0.2796530472788604,0.28700000000000003,0.2870000000000001,0.28700000000000003,0.28700000000000003,0.2870000000000001,2025-01-24
116.0,1.0,103.0,0.2892996592162178,0.2385906116820915,0.23676670230995311,0.23464440584327714,0.23479541703842755,0.23735470727082636,0.2796530472788604,0.28700000000000003,0.2870000000000001,0.28700000000000003,0.28700000000000003,0.2870000000000001,2025-01-25
117.0,1.0,104.0,0.2933965546432123,0.24034689877235244,0.23676670230995311,0.23464440584327714,0.23479541703842755,0.23735470727082636,0.2796530472788604,0.28700000000000003,0.2870000000000001,0.28700000000000003,0.28700000000000003,0.2870000000000001,2025-01-26
118.0,1.0,105.0,0.287553656926415,0.24524207593741582,0.23676670230995311,0.23464440584327714,0.23479541703842755,0.23735470727082636,0.2796530472788604,0.28700000000000003,0.2870000000000001,0.28700000000000003,0.28700000000000003,0.2870000000000001,2025-01-27
119.0,1.0,106.0,0.2861706448310304,0.2456645436599842,0.23676670230995311,0.23464440584327714,0.23479541703842755,0.23735470727082636,0.2796530472788604,0.28700000000000003,0.2870000000000001,0.28700000000000003,0.28700000000000003,0.2870000000000001,2025-01-28
120.0,1.0,107.0,0.2853639544610846,0.2456645436599842,0.23676670230995311,0.23464440584327714,0.23479541703842755,0.23735470727082636,0.2796530472788604,0.28700000000000003,0.2870000000000001,0.28700000000000003,0.28700000000000003,0.2870000000000001,2025-01-29
121.0,1.0,108.0,0.2845919924433792,0.2456645436599842,0.23676670230995311,0.23464440584327714,0.23479541703842755,0.23735470727082636,0.2796530472788604,0.28700000000000003,0.2870000000000001,0.28700000000000003,0.28700000000000003,0.2870000000000001,2025-01-30
122.0,1.0,109.0,0.28498473105424604,0.2456645436599842,0.23676670230995311,0.23464440584327714,0.23479541703842755,0.23735470727082636,0.2796530472788604,0.28700000000000003,0.2870000000000001,0.28700000000000003,0.28700000000000003,0.2870000000000001,2025-01-31
123.0,1.0,110.0,0.3327304072389321,0.2456645436599842,0.23676670230995311,0.23464440584327714,0.23479541703842755,0.23735470727082636,0.2796530472788604,0.28700000000000003,0.2870000000000001,0.28700000000000003,0.28700000000000003,0.2870000000000001,2025-02-01
124.0,1.0,111.0,0.2947175660505804,0.2813594057403094,0.23676670230995311,0.23464440584327714,0.23479541703842755,0.23735470727082636,0.2796530472788604,0.28700000000000003,0.2870000000000001,0.28700000000000003,0.28700000000000003,0.2870000000000001,2025-02-02
125.0,1.0,112.0,0.2845758686211625,0.28706387262990984,0.23697226761246248,0.23464440584327714,0.23479541703842755,0.23735470727082636,0.2796530472788604,0.28700000000000003,0.2870000000000001,0.28700000000000003,0.28700000000000003,0.2870000000000001,2025-02-03
126.0,1.0,113.0,0.28022628531193305,0.28701514657687194,0.23702099366550042,0.23464440584327714,0.23479541703842755,0.23735470727082636,0.2796530472788604,0.28700000000000003,0.2870000000000001,0.28700000000000003,0.28700000000000003,0.2870000000000001,2025-02-04
127.0,1.0,114.0,0.27449480777191504,0.28700359209839765,0.2370325481439747,0.23464440584327714,0.23479541703842755,0.23735470727082636,0.2796530472788604,0.28700000000000003,0.2870000000000001,0.28700000000000003,0.28700000000000003,0.2870000000000001,2025-02-05
128.0,1.0,115.0,0.2712610650511636,0.28700085190276253,0.23703528833960982,0.23464440584327714,0.23479541703842755,0.23735470727082636,0.2796530472788604,0.28700000000000003,0.2870000000000001,0.28700000000000003,0.28700000000000003,0.2870000000000001,2025-02-06
129.0,1.0,116.0,0.2700831532408287,0.28700020203831716,0.23703593820405522,0.23464440584327714,0.23479541703842755,0.23735470727082636,0.2796530472788604,0.28700000000000003,0.2870000000000001,0.28700000000000003,0.28700000000000003,0.2870000000000001,2025-02-07
130.0,1.0,117.0,0.2695198902807706,0.28700004791570827,0.23703609232666412,0.23464440584327714,0.23479541703842755,0.23735470727082636,0.2796530472788604,0.28700000000000003,0.2870000000000001,0.28700000000000003,0.28700000000000003,0.2870000000000001,2025-02-08
131.0,1.0,118.0,0.26915386854284234,0.2870000113637636,0.2370361288786088,0.23464440584327714,0.23479541703842755,0.23735470727082636,0.2796530472788604,0.28700000000000003,0.2870000000000001,0.28700000000000003,0.28700000000000003,0.2870000000000001,2025-02-09
132.0,1.0,119.0,0.2675336604389865,0.2870000026950479,0.2370361375473245,0.23464440584327714,0.23479541703842755,0.23735470727082636,0.2796530472788604,0.28700000000000003,0.2870000000000001,0.28700000000000003,0.28700000000000003,0.2870000000000001,2025-02-10
133.0,1.0,120.0,0.26693611888493,0.2870000006391617,0.23703613960321065,0.23464440584327714,0.23479541703842755,0.23735470727082636,0.2796530472788604,0.28700000000000003,0.2870000000000001,0.28700000000000003,0.28700000000000003,0.2870000000000001,2025-02-11
134.0,1.0,121.0,0.26049954889344107,0.28700000015158467,0.2370361400907877,0.23464440584327714,0.23479541703842755,0.23735470727082636,0.2796530472788604,0.28700000000000003,0.2870000000000001,0.28700000000000003,0.28700000000000003,0.2870000000000001,2025-02-12
135.0,1.0,122.0,0.2550066354515388,0.28700000003595,0.23703614020642236,0.23464440584327714,0.23479541703842755,0.23735470727082636,0.2796530472788604,0.28700000000000003,0.2870000000000001,0.28700000000000003,0.28700000000000003,0.2870000000000001,2025-02-13
136.0,1.0,123.0,0.23874358808369653,0.28700000000852605,0.23703614023384634,0.23464440584327714,0.23479541703842755,0.23735470727082636,0.2796530472788604,0.28700000000000003,0.2870000000000001,0.28700000000000003,0.28700000000000003,0.2870000000000001,2025-02-14
137.0,1.0,124.0,0.23808870133255894,0.25372217471002056,0.23703614024035036,0.23464440584327714,0.23479541703842755,0.23735470727082636,0.2796530472788604,0.28700000000000003,0.2870000000000001,0.28700000000000003,0.28700000000000003,0.2870000000000001,2025-02-15
138.0,1.0,125.0,0.23768893663231336,0.22530027448287207,0.23703614024035036,0.23464440584327714,0.23479541703842755,0.23735470727082636,0.2796530472788604,0.28700000000000003,0.2870000000000001,0.28700000000000003,0.28700000000000003,0.2870000000000001,2025-02-16
139.0,1.0,126.0,0.237414125826494,0.22530027448287207,0.23703614024035036,0.23464440584327714,0.23479541703842755,0.23735470727082636,0.26132987184806544,0.28700000000000003,0.2870000000000001,0.28700000000000003,0.28700000000000003,0.2870000000000001,2025-02-17
140.0,1.0,127.0,0.23722091099693782,0.22530027448287207,0.23703614024035036,0.23464440584327714,0.23479541703842755,0.23735470727082636,0.25420908553870714,0.28700000000000003,0.2870000000000001,0.28700000000000003,0.28700000000000003,0.2870000000000001,2025-02-18
141.0,1.0,128.0,0.236995763023264,0.22530027448287207,0.23703614024035036,0.23464440584327714,0.23479541703842755,0.23735470727082636,0.2459532526604353,0.28700000000000003,0.2870000000000001,0.28700000000000003,0.28700000000000003,0.2870000000000001,2025-02-19
142.0,1.0,129.0,0.23872120995254925,0.22530027448287207,0.23703614024035036,0.23464440584327714,0.23479541703842755,0.23735470727082636,0.2459532526604353,0.28700000000000003,0.2870000000000001,0.28700000000000003,0.28700000000000003,0.2870000000000001,2025-02-20
143.0,1.0,130.0,0.24072162261036117,0.22530027448287207,0.23703614024035036,0.23464440584327714,0.23479541703842755,0.23735470727082636,0.2459532526604353,0.28700000000000003,0.2870000000000001,0.28700000000000003,0.28700000000000003,0.2870000000000001,2025-02-21
144.0,1.0,131.0,0.23906511288868296,0.22530027448287207,0.23703614024035036,0.23464440584327714,0.23479541703842755,0.23735470727082636,0.2459532526604353,0.28700000000000003,0.2870000000000001,0.28700000000000003,0.28700000000000003,0.2870000000000001,2025-02-22
145.0,1.0,132.0,0.2386605899820378,0.22530027448287207,0.23703614024035036,0.23464440584327714,0.23479541703842755,0.23735470727082636,0.24536597545891178,0.28700000000000003,0.2870000000000001,0.28700000000000003,0.28700000000000003,0.2870000000000001,2025-02-23
146.0,1.0,133.0,0.23828019649625862,0.22530027448287207,0.23703614024035036,0.23464440584327714,0.23479541703842755,0.23735470727082636,0.24453726612508522,0.28700000000000003,0.2870000000000001,0.28700000000000003,0.28700000000000003,0.2870000000000001,2025-02-24
147.0,1.0,134.0,0.2374281150881133,0.22530027448287207,0.23703614024035036,0.23464440584327714,0.23479541703842755,0.23735470727082636,0.2242347201673117,0.27891104761859525,0.2870000000000001,0.28700000000000003,0.28700000000000003,0.2870000000000001,2025-02-25
148.0,1.0,135.0,0.23670790342170472,0.22530027448287207,0.23703614024035036,0.23464440584327714,0.23479541703842755,0.23735470727082636,0.2242347201673117,0.25840722293014,0.2870000000000001,0.28700000000000003,0.28700000000000003,0.2870000000000001,2025-02-26
149.0,1.0,136.0,0.23611195362731735,0.22530027448287207,0.23703614024035036,0.23464440584327714,0.23479541703842755,0.23735470727082636,0.2242347201673117,0.23915391333066516,0.2870000000000001,0.28700000000000003,0.28700000000000003,0.2870000000000001,2025-02-27
150.0,1.0,137.0,0.23549749477136817,0.22530027448287207,0.23703614024035036,0.23464440584327714,0.23479541703842755,0.23735470727082636,0.2242347201673117,0.238413862155258,0.265182653063427,0.28700000000000003,0.28700000000000003,0.2870000000000001,2025-02-28
151.0,1.0,138.0,0.2349781464297572,0.22530027448287207,0.23703614024035036,0.23464440584327714,0.23479541703842755,0.23735470727082636,0.2242347201673117,0.238413862155258,0.2440346693696735,0.28700000000000003,0.28700000000000003,0.2870000000000001,2025-03-01
152.0,1.0,139.0,0.39662787826449647,0.37137984749132924,0.23703614024035036,0.23464440584327714,0.23479541703842755,0.23735470727082636,0.2242347201673117,0.238413862155258,0.2440346693696735,0.28700000000000003,0.28700000000000003,0.2870000000000001,2025-03-02
153.0,1.0,140.0,0.4014723519736538,0.30824331470413013,0.30592581505853766,0.29382708879126423,0.2582441556198185,0.23735470727082636,0.2242347201673117,0.238413862155258,0.2440346693696735,0.28700000000000003,0.28700000000000003,0.2870000000000001,2025-03-03
154.0,1.0,141.0,0.30784018708342575,0.3088510362253608,0.2995423595353578,0.2962895222892859,0.2939652690260718,0.2894400216792775,0.232659888639294,0.238413862155258,0.2440346693696735,0.28700000000000003,0.28700000000000003,0.2870000000000001,2025-03-04
155.0,1.0,142.0,0.28778724058376587,0.2919987768515657,0.29188735573335767,0.29104918543153463,0.29044908244000056,0.2899842550435497,0.2814439498169018,0.238413862155258,0.2440346693696735,0.28700000000000003,0.28700000000000003,0.2870000000000001,2025-03-05
156.0,1.0,143.0,0.2723037695928803,0.2881759710339285,0.2881499674095125,0.2879540489995446,0.2878680753672383,0.28785380922680326,0.2878212973447775,0.24800407190956372,0.2440346693696735,0.28700000000000003,0.28700000000000003,0.2870000000000001,2025-03-06
157.0,1.0,144.0,0.2577199623574378,0.2872783674584723,0.28727222348089665,0.2872259164737235,0.28720558661072215,0.2872022126039672,0.28719746178225897,0.2524454728813276,0.2440346693696735,0.28700000000000003,0.28700000000000003,0.2870000000000001,2025-03-07
158.0,1.0,145.0,0.23791798290064814,0.28706598850427745,0.28706453267937876,0.28705355923644044,0.2870487411206005,0.287047941460727,0.28704681547271127,0.2534996628172329,0.2440346693696735,0.28700000000000003,0.28700000000000003,0.2870000000000001,2025-03-08
159.0,1.0,146.0,0.23746583469536642,0.26253660097148024,0.2870153030829102,0.287012701098276,0.28701155861437866,0.2870113689952796,0.2870111019948942,0.2537495592294836,0.2440346693696735,0.28700000000000003,0.28700000000000003,0.2870000000000001,2025-03-09
160.0,1.0,147.0,0.23750538829298512,0.24247085266416216,0.28700362921379713,0.2870030121508374,0.2870027412081378,0.2870026962394335,0.2870026329194921,0.2537968812835244,0.2440346693696735,0.28700000000000003,0.28700000000000003,0.2870000000000001,2025-03-10
161.0,1.0,148.0,0.2372651424127303,0.22588936697485096,0.28700086070500674,0.2870007143629514,0.28700065010635073,0.2870006394415957,0.28700062442466784,0.25380810397464987,0.2440346693696735,0.28700000000000003,0.28700000000000003,0.2870000000000001,2025-03-11
162.0,1.0,149.0,0.23669263615660616,0.22588936697485096,0.2595127606345092,0.2870001694192421,0.28700015418007946,0.28700015165081477,0.28700014808938396,0.2538107655498366,0.2440346693696735,0.28700000000000003,0.28700000000000003,0.2870000000000001,2025-03-12
163.0,1.0,150.0,0.2362464258313394,0.22588936697485096,0.23912203908884153,0.287000040179722,0.28700003656558015,0.28700003596573603,0.28700003512110195,0.2538112410572168,0.2440346693696735,0.28700000000000003,0.28700000000000003,0.2870000000000001,2025-03-13
164.0,1.0,151.0,0.23726061986323949,0.22588936697485096,0.23822016170565105,0.26791066889386095,0.2870000086719498,0.2870000085296899,0.287000008329375,0.2538113538292571,0.2440346693696735,0.28700000000000003,0.28700000000000003,0.2870000000000001,2025-03-14
165.0,1.0,152.0,0.2366418464597054,0.22588936697485096,0.23822016170565105,0.24661533973876365,0.28700000205665316,0.28700000202291465,0.28700000197540765,0.25381137330529635,0.2440346693696735,0.28700000000000003,0.28700000000000003,0.2870000000000001,2025-03-15
166.0,1.0,153.0,0.23584302013956915,0.22588936697485096,0.23822016170565105,0.2305228907180422,0.28700000048775914,0.28700000047975754,0.2870000004684908,0.2538113779242643,0.2440346693696735,0.28700000000000003,0.28700000000000003,0.2870000000000001,2025-03-16
167.0,1.0,154.0,0.2346239482009799,0.22588936697485096,0.23822016170565105,0.2305228907180422,0.24740000011567773,0.28550060783043596,0.287000000111108,0.253811379019706,0.2440346693696735,0.28700000000000003,0.28700000000000003,0.2870000000000001,2025-03-17
168.0,1.0,155.0,0.23369753642870375,0.22588936697485096,0.23822016170565105,0.2305228907180422,0.21744084232722546,0.28550060783043596,0.2870000000263505,0.2538113791044635,0.2440346693696735,0.28700000000000003,0.28700000000000003,0.2870000000000001,2025-03-18
169.0,1.0,156.0,0.23266106073096032,0.22588936697485096,0.23822016170565105,0.2305228907180422,0.21744084232722546,0.24910060783043597,0.28269457911863904,0.25381137912456464,0.2440346693696735,0.28700000000000003,0.28700000000000003,0.2870000000000001,2025-03-19
170.0,1.0,157.0,0.23132557213569221,0.22588936697485096,0.23822016170565105,0.2305228907180422,0.21744084232722546,0.2182666732638161,0.255414597161021,0.25381137912456464,0.2440346693696735,0.28700000000000003,0.28700000000000003,0.2870000000000001,2025-03-20
171.0,1.0,158.0,0.23002068464027897,0.22588936697485096,0.23822016170565105,0.2305228907180422,0.21744084232722546,0.2182666732638161,0.2223898472757246,0.23171782818021436,0.2440346693696735,0.28700000000000003,0.28700000000000003,0.2870000000000001,2025-03-21
172.0,1.0,159.0,0.3517795237505808,0.3936767785251134,0.4058,0.3072531040388231,0.21744084232722546,0.2182666732638161,0.2223898472757246,0.23171782818021436,0.2440346693696735,0.28700000000000003,0.28700000000000003,0.2870000000000001,2025-03-22
173.0,1.0,160.0,0.24661065951368472,0.2919311429359217,0.30957199999999996,0.3062999780823871,0.30239493552125857,0.2955290363969487,0.2887069118986086,0.2372936774234584,0.2440346693696735,0.28700000000000003,0.28700000000000003,0.2870000000000001,2025-03-23
174.0,1.0,161.0,0.21029641878342947,0.2759503055789016,0.29215740919550726,0.29143422008127096,0.29056022345322413,0.289899334242789,0.2897051228180841,0.2876636879010161,0.2461821662699618,0.28700000000000003,0.28700000000000003,0.2870000000000001,2025-03-24
175.0,1.0,162.0,0.20884838758089674,0.2267503055789016,0.27998600292469683,0.2880441159028238,0.2878395078684508,0.2876844012878382,0.28763875754011003,0.2876331368261995,0.2605492680746398,0.28700000000000003,0.28700000000000003,0.2870000000000001,2025-03-25
176.0,1.0,163.0,0.20792783534531115,0.2267503055789016,0.2435268606771038,0.2872472082038444,0.2871988301120521,0.2871621349822721,0.2871513330825749,0.28715000279287306,0.2634796783264456,0.28700000000000003,0.28700000000000003,0.2870000000000001,2025-03-26
177.0,1.0,164.0,0.2130126955920463,0.2267503055789016,0.21896366071422982,0.28483976761814817,0.28704713978110086,0.2870384421592349,0.28703588165538413,0.2870355663147029,0.2641735526158591,0.28700000000000003,0.28700000000000003,0.2870000000000001,2025-03-27
178.0,1.0,165.0,0.21244873806225553,0.2267503055789016,0.21896366071422982,0.24449284981944566,0.2870111788967576,0.2870091164390475,0.2870085092585302,0.2870084344804338,0.26429334345151284,0.28700000000000003,0.28700000000000003,0.2870000000000001,2025-03-28
179.0,1.0,166.0,0.21292599043927513,0.2267503055789016,0.21896366071422982,0.22847490616411945,0.287002651157005,0.2870021620372685,0.2870020180414677,0.28700200030746054,0.26432175098308014,0.28700000000000003,0.28700000000000003,0.2870000000000001,2025-03-29
180.0,1.0,167.0,0.21415979098539606,0.2267503055789016,0.21896366071422982,0.22847490616411945,0.2530132014453876,0.28700051275036315,0.2870004786003231,0.2870004743945253,0.26432848803120207,0.28700000000000003,0.28700000000000003,0.2870000000000001,2025-03-30
181.0,1.0,168.0,0.21326206235895726,0.2267503055789016,0.21896366071422982,0.22847490616411945,0.22097025840544104,0.2870001216045791,0.287000113505515,0.2870001125080631,0.26432960615825635,0.28700000000000003,0.28700000000000003,0.2870000000000001,2025-03-31
182.0,1.0,169.0,0.21223222887148244,0.2267503055789016,0.21896366071422982,0.22847490616411945,0.22097025840544104,0.25060002883992677,0.2707937713551537,0.2870000266825836,0.26432987133476227,0.28700000000000003,0.28700000000000003,0.2870000000000001,2025-04-01
183.0,1.0,170.0,0.22013889101983328,0.2267503055789016,0.21896366071422982,0.22847490616411945,0.22097025840544104,0.21800197247381886,0.2526474218656195,0.2870000063280831,0.2643298916892628,0.28700000000000003,0.28700000000000003,0.2870000000000001,2025-04-02
184.0,1.0,171.0,0.22276145004596934,0.2267503055789016,0.21896366071422982,0.22847490616411945,0.22097025840544104,0.21800197247381886,0.2212246467779847,0.2840426214447337,0.26432989651656785,0.28700000000000003,0.28700000000000003,0.2870000000000001,2025-04-03
185.0,1.0,172.0,0.22182568207095257,0.2267503055789016,0.21896366071422982,0.22847490616411945,0.22097025840544104,0.21800197247381886,0.2212246467779847,0.25404262144473366,0.2577138842771668,0.28700000000000003,0.28700000000000003,0.2870000000000001,2025-04-04
186.0,1.0,173.0,0.22051366901000283,0.2267503055789016,0.21896366071422982,0.22847490616411945,0.22097025840544104,0.21800197247381886,0.2212246467779847,0.22484448905684815,0.24627070310207885,0.28700000000000003,0.28700000000000003,0.2870000000000001,2025-04-05
187.0,1.0,174.0,0.3573022239920696,0.4058,0.4058,0.27730254146725364,0.22097025840544104,0.21800197247381886,0.2212246467779847,0.22484448905684815,0.24627070310207885,0.28700000000000003,0.28700000000000003,0.2870000000000001,2025-04-06
188.0,1.0,175.0,0.25513309766007913,0.30957199999999996,0.30957199999999996,0.30722221027383,0.30151233539349265,0.29491783620174106,0.28186236670340514,0.22484448905684815,0.24627070310207885,0.28700000000000003,0.28700000000000003,0.2870000000000001,2025-04-07
189.0,1.0,176.0,0.21779343107645027,0.29215740919550726,0.29215740919550726,0.29163889760703127,0.2907832373776119,0.2906745815278646,0.290286879512433,0.2818048232133617,0.24627070310207885,0.28700000000000003,0.28700000000000003,0.2870000000000001,2025-04-08
190.0,1.0,177.0,0.21663773207159026,0.24379180100431136,0.2882129764617912,0.2880919476165305,0.28789177240368197,0.2878838145761605,0.2878800054489997,0.28786049898196003,0.2597399487804807,0.28700000000000003,0.28700000000000003,0.2870000000000001,2025-04-09
191.0,1.0,178.0,0.2155537837810009,0.21646340350095378,0.273008927682292,0.28725851305698535,0.28721119072362017,0.28720930882455276,0.2872084080097263,0.2872037947806757,0.2641826388894611,0.28700000000000003,0.28700000000000003,0.2870000000000001,2025-04-10
192.0,1.0,179.0,0.21462102449548193,0.21646340350095378,0.23725445557727726,0.28706128386957447,0.2870500693098349,0.28704962329756656,0.2870494098024485,0.28704831644719486,0.2650151515584021,0.28700000000000003,0.28700000000000003,0.2870000000000001,2025-04-11
193.0,1.0,180.0,0.21225581345005884,0.21646340350095378,0.23725445557727726,0.2442145327459984,0.24741187355976021,0.2788724505958824,0.28701171717497964,0.28701145791389,0.2652125050906414,0.28700000000000003,0.28700000000000003,0.2870000000000001,2025-04-12
194.0,1.0,181.0,0.21019298041477655,0.21646340350095378,0.23725445557727726,0.21904767361721222,0.21660897916182606,0.25598577453011284,0.28700277881121067,0.28700271732673627,0.2652301840415641,0.28700000000000003,0.28700000000000003,0.2870000000000001,2025-04-13
195.0,1.0,182.0,0.20831721174169995,0.21646340350095378,0.23725445557727726,0.21904767361721222,0.21660897916182606,0.21958577453011285,0.25380065902427534,0.28499335889289523,0.26523437671258576,0.28700000000000003,0.28700000000000003,0.2870000000000001,2025-04-14
196.0,1.0,183.0,0.20720251314499463,0.21646340350095378,0.23725445557727726,0.21904767361721222,0.21660897916182606,0.21958577453011285,0.22162944132667675,0.2746694163489535,0.26523437671258576,0.28700000000000003,0.28700000000000003,0.2870000000000001,2025-04-15
197.0,1.0,184.0,0.2072519400148708,0.21646340350095378,0.23725445557727726,0.21904767361721222,0.21660897916182606,0.21958577453011285,0.22162944132667675,0.24466941634895348,0.2487619084083102,0.28700000000000003,0.28700000000000003,0.2870000000000001,2025-04-16
198.0,1.0,185.0,0.3517690459885487,0.3969675626870641,0.4058,0.26261747271031416,0.21660897916182606,0.21958577453011285,0.22162944132667675,0.24466941634895348,0.2487619084083102,0.28700000000000003,0.28700000000000003,0.2870000000000001,2025-04-17
199.0,1.0,186.0,0.30692220529980707,0.3082938028196118,0.30957199999999996,0.3064757132365699,0.30002763270413696,0.2933585514055366,0.25652502418205464,0.24466941634895348,0.2487619084083102,0.28700000000000003,0.28700000000000003,0.2870000000000001,2025-04-18
200.0,1.0,187.0,0.29278151204305136,0.29187589211782944,0.29215740919550726,0.29186914845591005,0.2917423750785153,0.2913051599879548,0.290711213349625,0.2846107598093138,0.2487619084083102,0.28700000000000003,0.28700000000000003,0.2870000000000001,2025-04-19
201.0,1.0,188.0,0.24466045531217728,0.28835837857555835,0.2882208505740357,0.2882174277636452,0.2881940546806052,0.28817373199328666,0.2881390217211952,0.2880898667615966,0.27006366780053603,0.28700000000000003,0.28700000000000003,0.2870000000000001,2025-04-20
202.0,1.0,189.0,0.2163945276610973,0.2672502245326746,0.2872889701073264,0.28728816153342734,0.28728263984762725,0.2872778384519419,0.28726963714606746,0.2872580212907719,0.27647028041259514,0.28700000000000003,0.28700000000000003,0.2870000000000001,2025-04-21
203.0,1.0,190.0,0.2148903339507295,0.22076638008165783,0.28706850075042273,0.28706830916578635,0.2870670008364539,0.2870658631565029,0.28706391983476426,0.28706116733842707,0.2777407877074002,0.28700000000000003,0.28700000000000003,0.2870000000000001,2025-04-22
204.0,1.0,191.0,0.21783315990683352,0.22076638008165783,0.2410162439555037,0.27793889970992075,0.28701588831107927,0.2870156185547755,0.2870151577697482,0.2870145051147316,0.27804193655493054,0.28700000000000003,0.28700000000000003,0.2870000000000001,2025-04-23
205.0,1.0,192.0,0.21558109171713075,0.22076638008165783,0.22802637133605627,0.23513889970992075,0.28503039220627274,0.28700370402787834,0.28700359475278836,0.28700343997548605,0.2780885995486481,0.28700000000000003,0.28700000000000003,0.2870000000000001,2025-04-24
206.0,1.0,193.0,0.21416584408722336,0.22076638008165783,0.22802637133605627,0.23513889970992075,0.24543039220627275,0.2852795205271038,0.2870008525322747,0.2870008158254625,0.2780967914992415,0.28700000000000003,0.28700000000000003,0.2870000000000001,2025-04-25
207.0,1.0,194.0,0.22109601157559644,0.22076638008165783,0.22802637133605627,0.23513889970992075,0.21885884734253863,0.2761987328362021,0.28700020218761285,0.287000193482191,0.2780980641871748,0.28700000000000003,0.28700000000000003,0.2870000000000001,2025-04-26
208.0,1.0,195.0,0.22142100605334114,0.22076638008165783,0.22802637133605627,0.23513889970992075,0.21885884734253863,0.2761987328362021,0.28700004795111544,0.2870000458865252,0.27809836601933796,0.28700000000000003,0.28700000000000003,0.2870000000000001,2025-04-27
209.0,1.0,196.0,0.2186330431163511,0.22076638008165783,0.22802637133605627,0.23513889970992075,0.21885884734253863,0.23979873283620212,0.27375815150355814,0.28700001088251936,0.2780984376022985,0.28700000000000003,0.28700000000000003,0.2870000000000001,2025-04-28
210.0,1.0,197.0,0.21952298862666503,0.22076638008165783,0.22802637133605627,0.23513889970992075,0.21885884734253863,0.23535470386473795,0.24055815150355814,0.2691738346740093,0.27809844590390254,0.28700000000000003,0.28700000000000003,0.2870000000000001,2025-04-29
211.0,1.0,198.0,0.21795381874653777,0.22076638008165783,0.22802637133605627,0.23513889970992075,0.21885884734253863,0.23535470386473795,0.23307302733295857,0.2391738346740093,0.25129844590390255,0.2842136713647368,0.28700000000000003,0.2870000000000001,2025-04-30
212.0,1.0,199.0,0.214725250912009,0.22076638008165783,0.22802637133605627,0.23513889970992075,0.21885884734253863,0.23535470386473795,0.23307302733295857,0.2383392300042983,0.22678478453190742,0.2646781666471823,0.28700000000000003,0.2870000000000001,2025-05-01
213.0,1.0,200.0,0.22383104615296048,0.22076638008165783,0.22802637133605627,0.23513889970992075,0.21885884734253863,0.23535470386473795,0.23307302733295857,0.2383392300042983,0.22678478453190742,0.2410781666471823,0.2820195779048431,0.2870000000000001,2025-05-02
214.0,1.0,201.0,0.35517308498937517,0.4058,0.4058,0.2903626972805954,0.21885884734253863,0.23535470386473795,0.23307302733295857,0.2383392300042983,0.22678478453190742,0.2410781666471823,0.2820195779048431,0.2870000000000001,2025-05-03
215.0,1.0,202.0,0.2567561356785673,0.30957199999999996,0.30957199999999996,0.3071159600682134,0.3021445086905806,0.29537604012824137,0.2912920457314597,0.266334651736475,0.22678478453190742,0.2410781666471823,0.2820195779048431,0.2870000000000001,2025-05-04
216.0,1.0,203.0,0.20308610437464114,0.28979152746072817,0.29215740919550726,0.2916153504782808,0.2907772495708535,0.2907068113131083,0.2903346906434776,0.2899112536433533,0.27053181684678956,0.2410781666471823,0.2820195779048431,0.2870000000000001,2025-05-05
217.0,1.0,204.0,0.19833507799075353,0.23845906800160513,0.2848379863966438,0.28808644645060405,0.2878903696258556,0.2878738658255319,0.2877885128843764,0.2877881585248242,0.2877716798328758,0.24383319819181642,0.2820195779048431,0.2870000000000001,2025-05-06
218.0,1.0,205.0,0.20834555306643282,0.23845906800160513,0.2394763107803068,0.28725721296516127,0.28721085899258675,0.2872069560359702,0.28718676774038904,0.2871866839131086,0.28718278560856747,0.24780096608010116,0.2820195779048431,0.2870000000000001,2025-05-07
219.0,1.0,206.0,0.22165034162406164,0.23845906800160513,0.23604724273096822,0.2794786577625449,0.2870499906893903,0.2870490656801344,0.28704428082437516,0.28704426095570773,0.28704333697710543,0.2487403204156398,0.2820195779048431,0.2870000000000001,2025-05-08
220.0,1.0,207.0,0.28018224852814183,0.23845906800160513,0.23604724273096822,0.2794786577625449,0.28701185491701303,0.28701163557531806,0.2870105009617939,0.28701049625038066,0.28701027714904,0.24891649068880714,0.2820195779048431,0.2870000000000001,2025-05-09
221.0,1.0,208.0,0.23174882642102324,0.23845906800160513,0.23604724273096822,0.2794786577625449,0.28700281147708867,0.287002759459634,0.28700249038249265,0.2870024892651643,0.2870024373044832,0.24895826765349,0.2820195779048431,0.2870000000000001,2025-05-10
222.0,1.0,209.0,0.22942775810145605,0.23845906800160513,0.23604724273096822,0.23667865776254488,0.2839833604080901,0.287000654434866,0.28700059062064825,0.28700059035566305,0.28700057803268425,0.24896817532719473,0.2820195779048431,0.2870000000000001,2025-05-11
223.0,1.0,210.0,0.2218567560996959,0.23845906800160513,0.23604724273096822,0.23667865776254488,0.24438336040809008,0.2843042762298816,0.2870001400723853,0.2870001400095411,0.2870001370870096,0.2489700163954855,0.2820195779048431,0.2870000000000001,2025-05-12
224.0,1.0,211.0,0.21763494049228208,0.23845906800160513,0.23604724273096822,0.23667865776254488,0.22060550359285755,0.27988608600445625,0.2870000332197789,0.2870000332048747,0.28700003251176276,0.24897033462800508,0.2820195779048431,0.2870000000000001,2025-05-13
225.0,1.0,212.0,0.21029305193194164,0.23845906800160513,0.23604724273096822,0.23667865776254488,0.22060550359285755,0.24543013122131846,0.2870000078784545,0.2870000078749197,0.2870000077105402,0.24897041010050713,0.2820195779048431,0.2870000000000001,2025-05-14
226.0,1.0,213.0,0.20436179563321746,0.23845906800160513,0.23604724273096822,0.23667865776254488,0.22060550359285755,0.22100637343051893,0.28185381956400957,0.2870000018676282,0.28700000182864377,0.24897042799968297,0.2820195779048431,0.2870000000000001,2025-05-15
227.0,1.0,214.0,0.1983950452746975,0.23845906800160513,0.23604724273096822,0.23667865776254488,0.22060550359285755,0.22100637343051893,0.25090570650021704,0.28700000044292956,0.2870000004336839,0.24897043081934145,0.2820195779048431,0.2870000000000001,2025-05-16
228.0,1.0,215.0,0.19115507878538943,0.23845906800160513,0.23604724273096822,0.23667865776254488,0.22060550359285755,0.22100637343051893,0.22088718469306884,0.28396161957667637,0.2870000001028531,0.24897043148805606,0.2820195779048431,0.2870000000000001,2025-05-17
0.0,0.0,0.0,0.0,0.0,0.0,0.0,0.0,0.0,0.0,0.0,0.0,0.0,0.0,0.0,2025-05-18
0.0,0.0,0.0,0.0,0.0,0.0,0.0,0.0,0.0,0.0,0.0,0.0,0.0,0.0,0.0,2025-05-19
0.0,0.0,0.0,0.0,0.0,0.0,0.0,0.0,0.0,0.0,0.0,0.0,0.0,0.0,0.0,2025-05-20
0.0,0.0,0.0,0.0,0.0,0.0,0.0,0.0,0.0,0.0,0.0,0.0,0.0,0.0,0.0,2025-05-21
0.0,0.0,0.0,0.0,0.0,0.0,0.0,0.0,0.0,0.0,0.0,0.0,0.0,0.0,0.0,2025-05-22
0.0,0.0,0.0,0.0,0.0,0.0,0.0,0.0,0.0,0.0,0.0,0.0,0.0,0.0,0.0,2025-05-23
0.0,0.0,0.0,0.0,0.0,0.0,0.0,0.0,0.0,0.0,0.0,0.0,0.0,0.0,0.0,2025-05-24
0.0,0.0,0.0,0.0,0.0,0.0,0.0,0.0,0.0,0.0,0.0,0.0,0.0,0.0,0.0,2025-05-25
0.0,0.0,0.0,0.0,0.0,0.0,0.0,0.0,0.0,0.0,0.0,0.0,0.0,0.0,0.0,2025-05-26
0.0,0.0,0.0,0.0,0.0,0.0,0.0,0.0,0.0,0.0,0.0,0.0,0.0,0.0,0.0,2025-05-27
0.0,0.0,0.0,0.0,0.0,0.0,0.0,0.0,0.0,0.0,0.0,0.0,0.0,0.0,0.0,2025-05-28
0.0,0.0,0.0,0.0,0.0,0.0,0.0,0.0,0.0,0.0,0.0,0.0,0.0,0.0,0.0,2025-05-29
0.0,0.0,0.0,0.0,0.0,0.0,0.0,0.0,0.0,0.0,0.0,0.0,0.0,0.0,0.0,2025-05-30
0.0,0.0,0.0,0.0,0.0,0.0,0.0,0.0,0.0,0.0,0.0,0.0,0.0,0.0,0.0,2025-05-31
0.0,0.0,0.0,0.0,0.0,0.0,0.0,0.0,0.0,0.0,0.0,0.0,0.0,0.0,0.0,2025-06-01
