time_step_counter,season_counter,dap,gdd,gdd_cum,z_root,canopy_cover,canopy_cover_ns,biomass,biomass_ns,harvest_index,harvest_index_adj,DryYield,FreshYield,YieldPot
0.0,-1.0,0.0,0.3,0.0,0.0,0.0,0.0,0.0,0.0,0.0,0.0,0.0,0.0,0.0
1.0,-1.0,0.0,0.3,0.0,0.0,0.0,0.0,0.0,0.0,0.0,0.0,0.0,0.0,0.0
2.0,-1.0,0.0,0.3,0.0,0.0,0.0,0.0,0.0,0.0,0.0,0.0,0.0,0.0,0.0
3.0,-1.0,0.0,0.3,0.0,0.0,0.0,0.0,0.0,0.0,0.0,0.0,0.0,0.0,0.0
4.0,-1.0,0.0,0.3,0.0,0.0,0.0,0.0,0.0,0.0,0.0,0.0,0.0,0.0,0.0
5.0,-1.0,0.0,0.3,0.0,0.0,0.0,0.0,0.0,0.0,0.0,0.0,0.0,0.0,0.0
6.0,-1.0,0.0,0.3,0.0,0.0,0.0,0.0,0.0,0.0,0.0,0.0,0.0,0.0,0.0
7.0,-1.0,0.0,0.3,0.0,0.0,0.0,0.0,0.0,0.0,0.0,0.0,0.0,0.0,0.0
8.0,-1.0,0.0,0.3,0.0,0.0,0.0,0.0,0.0,0.0,0.0,0.0,0.0,0.0,0.0
9.0,-1.0,0.0,0.3,0.0,0.0,0.0,0.0,0.0,0.0,0.0,0.0,0.0,0.0,0.0
10.0,-1.0,0.0,0.3,0.0,0.0,0.0,0.0,0.0,0.0,0.0,0.0,0.0,0.0,0.0
11.0,-1.0,0.0,0.3,0.0,0.0,0.0,0.0,0.0,0.0,0.0,0.0,0.0,0.0,0.0
12.0,-1.0,0.0,0.3,0.0,0.0,0.0,0.0,0.0,0.0,0.0,0.0,0.0,0.0,0.0
13.0,-1.0,0.0,0.3,0.0,0.0,0.0,0.0,0.0,0.0,0.0,0.0,0.0,0.0,0.0
14.0,0.0,1.0,19.82,19.82,0.3,0.0,0.0,0.0,0.0,0.0,0.0,0.0,0.0,0.0
15.0,0.0,2.0,19.19,39.010000000000005,0.3,0.0,0.0,0.0,0.0,0.0,0.0,0.0,0.0,0.0
16.0,0.0,3.0,19.549999999999997,58.56,0.3,0.0,0.0,0.0,0.0,0.0,0.0,0.0,0.0,0.0
17.0,0.0,4.0,19.51,78.07000000000001,0.3,0.0,0.0,0.0,0.0,0.0,0.0,0.0,0.0,0.0
18.0,0.0,5.0,14.43,92.5,0.3,0.0,0.0,0.0,0.0,0.0,0.0,0.0,0.0,0.0
19.0,0.0,6.0,8.005,100.505,0.3,0.0,0.0,0.0,0.0,0.0,0.0,0.0,0.0,0.0
20.0,0.0,7.0,8.879999999999999,109.38499999999999,0.3,0.0,0.0,0.0,0.0,0.0,0.0,0.0,0.0,0.0
21.0,0.0,8.0,15.91,125.29499999999999,0.31429501214065503,0.0,0.0,0.0,0.0,0.0,0.0,0.0,0.0,0.0
22.0,0.0,9.0,14.344999999999999,139.64,0.346665127763267,0.0,0.0,0.0,0.0,0.0,0.0,0.0,0.0,0.0
23.0,0.0,10.0,15.49,155.13,0.3755580119871119,0.0,0.0,0.0,0.0,0.0,0.0,0.0,0.0,0.0
24.0,0.0,11.0,16.965,172.095,0.4021130549386273,0.0,0.0,0.0,0.0,0.0,0.0,0.0,0.0,0.0
25.0,0.0,12.0,14.605,186.7,0.42694236757877846,0.0,0.0,0.0,0.0,0.0,0.0,0.0,0.0,0.0
26.0,0.0,13.0,18.42,205.12,0.4504227545269761,0.0675,0.07089058257723316,2.0679429573378343,2.1675499183044122,0.0,0.0,0.0,0.0,0.0
27.0,0.0,14.0,15.735,220.85500000000002,0.4728069623901052,0.07089058257723316,0.07089058257723316,4.2354928756422465,4.3350998366088245,0.0,0.0,0.0,0.0,0.0
28.0,0.0,15.0,16.64,237.495,0.4942749214356934,0.07445147700947427,0.07445147700947427,6.507223843231518,6.606830804198097,0.0,0.0,0.0,0.0,0.0
29.0,0.0,16.0,16.585,254.08,0.5149604655064015,0.07819123820647572,0.07819123820647572,8.88789712423828,8.98750408520486,0.0,0.0,0.0,0.0,0.0
30.0,0.0,17.0,15.76,269.84000000000003,0.5349665541690083,0.08211885079840409,0.08211885079840409,11.382466431976926,11.482073392943505,0.0,0.0,0.0,0.0,0.0
31.0,0.0,18.0,14.535,284.37500000000006,0.5543745425110247,0.08624375072106301,0.08624375072106301,13.99608308270478,14.09569004367136,0.0,0.0,0.0,0.0,0.0
32.0,0.0,19.0,16.82,301.19500000000005,0.5732501286304661,0.09034898189056213,0.09057584788536044,16.727602136480357,16.83370795158442,0.0,0.0,0.0,0.0,0.0
33.0,0.0,20.0,16.5,317.69500000000005,0.591647333453214,0.09453686952871587,0.09512554998548226,19.578806469974683,19.701688421528303,0.0,0.0,0.0,0.0,0.0
34.0,0.0,21.0,13.45,331.14500000000004,0.6096112577749204,0.09928553712471924,0.09990378750297112,22.482146456562567,22.62206156265497,0.0,0.0,0.0,0.0,0.0
35.0,0.0,22.0,9.76,340.90500000000003,0.6271800485626201,0.10427273434466455,0.10492203996678115,25.03579412623342,25.190644920379548,0.0,0.0,0.0,0.0,0.0
36.0,0.0,23.0,10.584999999999999,351.49,0.6443863364541177,0.10951044273502723,0.11019236353239786,27.901448204146792,28.073005478658803,0.0,0.0,0.0,0.0,0.0
37.0,0.0,24.0,12.559999999999999,364.05,0.6612583093351969,0.11501124568558238,0.11572741994628069,31.173213321702402,31.363779905207352,0.0,0.0,0.0,0.0,0.0
38.0,0.0,25.0,14.969999999999999,379.02,0.6778205291736723,0.12078835866050708,0.12154050696521408,34.761211967118555,34.97255070508062,0.0,0.0,0.0,0.0,0.0
39.0,0.0,26.0,13.85,392.87,0.6940945637535735,0.12685566094801679,0.12764559030364875,38.43394554487257,38.66646699491911,0.0,0.0,0.0,0.0,0.0
40.0,0.0,27.0,15.39,408.26,0.7100994823851419,0.13322772900481297,0.13405733718578494,42.363093887446375,42.61818716658562,0.0,0.0,0.0,0.0,0.0
41.0,0.0,28.0,14.125,422.385,0.7258522499423645,0.13991987147545087,0.14079115158300556,46.47368286118469,46.75229180011333,0.0,0.0,0.0,0.0,0.0
42.0,0.0,29.0,13.504999999999999,435.89,0.741368043740913,0.14694816597075996,0.14786321122131565,50.657703628981835,50.96014318822715,0.0,0.0,0.0,0.0,0.0
43.0,0.0,30.0,13.785,449.675,0.756660511053068,0.15432949769367588,0.15529050644769696,55.05159344366741,55.37894321550916,0.0,0.0,0.0,0.0,0.0
44.0,0.0,31.0,16.695,466.37,0.7717419803828091,0.16208160000528066,0.16309088104875288,59.75274343574852,60.106615554668885,0.0,0.0,0.0,0.0,0.0
45.0,0.0,32.0,14.66,481.03000000000003,0.7866236363155856,0.17022309702850996,0.17128307511970856,64.66692362432217,65.04837772610098,0.0,0.0,0.0,0.0,0.0
46.0,0.0,33.0,13.94,494.97,0.8013156653777367,0.17877354839188084,0.17988677008675746,69.69603043819916,70.10555908211522,0.0,0.0,0.0,0.0,0.0
47.0,0.0,34.0,10.915,505.88500000000005,0.8158273786044903,0.18775349622073503,0.18892263599091902,74.49161900575747,74.9277662713254,0.0,0.0,0.0,0.0,0.0
48.0,0.0,35.0,8.635,514.5200000000001,0.8301673152321857,0.1971845144888926,0.19841238114700452,78.44383324320819,78.90178638785996,0.0,0.0,0.0,0.0,0.0
49.0,0.0,36.0,8.690000000000001,523.2100000000002,0.844343330970244,0.207089260849281,0.2083788042969953,82.60788782533295,83.08867063702233,0.0,0.0,0.0,0.0,0.0
50.0,0.0,37.0,10.705,533.9150000000002,0.8583626735820209,0.21749153106806124,0.21884584938312965,87.99877911541297,88.5089213118035,0.0,0.0,0.0,0.0,0.0
51.0,0.0,38.0,11.565,545.4800000000002,0.8722320479484479,0.22841631619302613,0.22983866307228865,93.8869297805507,94.42891497545826,0.0,0.0,0.0,0.0,0.0
52.0,0.0,39.0,8.95,554.4300000000003,0.8859576723598747,0.23988986259361658,0.2413836551698807,98.81124576411585,99.37966521333989,0.0,0.0,0.0,0.0,0.0
53.0,0.0,40.0,7.74,562.1700000000003,0.899545327447879,0.25193973501679834,0.2535085620683674,102.92321292141024,103.51353448512359,0.0,0.0,0.0,0.0,0.0
54.0,0.0,41.0,8.85,571.0200000000003,0.9130003989068761,0.2645948828102901,0.26624251338286276,108.20055527188141,108.8187564999875,0.0,0.0,0.0,0.0,0.0
55.0,0.0,42.0,9.62,580.6400000000003,0.9263279149480832,0.27788570947224,0.2796161019338953,114.27056266991787,114.92055526702319,0.0,0.0,0.0,0.0,0.0
56.0,0.0,43.0,5.705,586.3450000000004,0.939532579263202,0.2918441456944422,0.29366145724546444,116.75040956012303,117.41327266305035,0.0,0.0,0.0,0.0,0.0
57.0,0.0,44.0,7.635,593.9800000000004,0.9526188001426078,0.3065037260745766,0.30841232273496627,121.48370781814079,122.17090301303566,0.0,0.0,0.0,0.0,0.0
58.0,0.0,45.0,9.815,603.7950000000004,0.9655907162857564,0.32186711332447315,0.3239041367804356,128.4805821966738,129.20396762461266,0.0,0.0,0.0,0.0,0.0
59.0,0.0,46.0,11.399999999999999,615.1950000000004,0.9784522197545098,0.33791449734103346,0.3401741178598651,136.60658762756083,137.37391535586235,0.0,0.0,0.0,0.0,0.0
60.0,0.0,47.0,11.48,626.6750000000004,0.9912069764489633,0.3547090253406249,0.3572613539671439,145.08690740784817,145.90303657147217,0.0,0.0,0.0,0.0,0.0
61.0,0.0,48.0,10.940000000000001,637.6150000000005,1.003858444426927,0.37216846392801356,0.3752068965194362,153.65988107399855,154.53133779763488,0.0,0.0,0.0,0.0,0.0
62.0,0.0,49.0,6.970000000000001,644.5850000000005,1.0164098903399448,0.39048173015027643,0.39405385898160683,158.4923200072295,159.39829845581932,0.0,0.0,0.0,0.0,0.0
63.0,0.0,50.0,5.255,649.8400000000005,1.0288644042186728,0.40974773733942144,0.41384752044463685,161.20172108152,162.12860051563035,0.0,0.0,0.0,0.0,0.0
64.0,0.0,51.0,5.5249999999999995,655.3650000000005,1.041224912807037,0.4300340841484955,0.43463543440686986,164.34891211048222,165.30140985344332,0.0,0.0,0.0,0.0,0.0
65.0,0.0,52.0,7.605,662.9700000000005,1.0534941916166103,0.4510835938751726,0.45646754301943426,170.72965434072205,171.73928785613083,0.0,0.0,0.0,0.0,0.0
66.0,0.0,53.0,6.7700000000000005,669.7400000000005,1.0656748758491186,0.4730707066855963,0.4792274735698536,176.00077651928282,177.06114026027663,0.0,0.0,0.0,0.0,0.0
67.0,0.0,54.0,5.115,674.8550000000005,1.0777694703151144,0.4951949189544095,0.5013037453304718,178.9415068808076,180.02832859924442,0.0,0.0,0.0,0.0,0.0
68.0,0.0,55.0,2.21,677.0650000000005,1.0897803584600154,0.5163821839391858,0.5223241445099857,179.53506972276716,180.62680829372866,0.0,0.0,0.0,0.0,0.0
69.0,0.0,56.0,4.220000000000001,681.2850000000005,1.1017098105943715,0.5366579537235802,0.542339171796175,181.5767689302826,182.68387798648217,0.0,0.0,0.0,0.0,0.0
70.0,0.0,57.0,3.46,684.7450000000006,1.1135599914129926,0.556022689741148,0.5613969125101251,182.9686420611666,184.0852091419347,0.0,0.0,0.0,0.0,0.0
71.0,0.0,58.0,3.8600000000000003,688.6050000000006,1.12533296687709,0.57448951491507,0.5795431521293319,184.74462356261031,185.872057058104,0.0,0.0,0.0,0.0,0.0
72.0,0.0,59.0,2.46,691.0650000000006,1.1370307105245743,0.5920937252137612,0.5968214862855226,185.52495708767734,186.65668128006368,0.0,0.0,0.0,0.0,0.0
73.0,0.0,60.0,4.02,695.0850000000006,1.1486551092658959,0.6083983865586156,0.6132734255014576,187.53581230722872,188.6785292955455,0.0,0.0,0.0,0.0,0.0
74.0,0.0,61.0,3.2,698.2850000000007,1.160207968716093,0.6240260499170439,0.6289384949183403,188.83174867555542,189.98136563351795,0.0,0.0,0.0,0.0,0.0
75.0,0.0,62.0,4.47,702.7550000000007,1.171691018107905,0.6388593510910696,0.643854329253424,191.44049867993562,192.60379996580184,0.0,0.0,0.0,0.0,0.0
76.0,0.0,63.0,4.57,707.3250000000007,1.1831059148257377,0.6531476957946181,0.65805676321595,194.21944330655816,195.39665281357279,0.0,0.0,0.0,0.0,0.0
77.0,0.0,64.0,2.79,710.1150000000007,1.194454248595866,0.6669558201645132,0.6715799175986366,195.27190244682157,196.45393714529092,0.0,0.0,0.0,0.0,0.0
78.0,0.0,65.0,0.8500000000000001,710.9650000000007,1.2057375453644017,0.6801555975401627,0.6844562812515499,195.4636687201406,196.64650008602462,0.0,0.0,0.0,0.0,0.0
79.0,0.0,66.0,0.0050000000000001155,710.9700000000007,1.2169572708911776,0.6927917692267088,0.6967167891352978,195.46459610416733,196.64743090150475,0.0,0.0,0.0,0.0,0.0
80.0,0.0,67.0,2.8049999999999997,713.7750000000007,1.2281148340847379,0.7047410439400759,0.7083908966410636,196.5663524127002,197.7528932340954,0.0,0.0,0.0,0.0,0.0
81.0,0.0,68.0,1.21,714.9850000000007,1.2392115901010143,0.7161160876930761,0.7195066503560325,196.87630293941606,198.06379204025475,0.0,0.0,0.0,0.0,0.0
82.0,0.0,69.0,0.0,714.9850000000007,1.250248843225965,0.7161160876930761,0.7300907554442219,196.87630293941606,198.06379204025475,0.0,0.0,0.0,0.0,0.0
83.0,0.0,70.0,1.375,716.3600000000007,1.2612278495604214,0.7270485013175175,0.7401686398045941,197.24782359411918,198.43962661708946,0.0,0.0,0.0,0.0,0.0
84.0,0.0,71.0,1.2849999999999997,717.6450000000007,1.2721498195235887,0.7374693400606016,0.7497645151605911,197.58997370439067,198.7854136110642,0.0,0.0,0.0,0.0,0.0
85.0,0.0,72.0,4.55,722.1950000000006,1.2830159201900406,0.747320095715998,0.7589014352278527,200.5952421726445,201.8202643152462,0.0,0.0,0.0,0.0,0.0
86.0,0.0,73.0,2.76,724.9550000000006,1.2938272774736375,0.7567148585485298,0.767601351099869,201.71579570344207,202.9510222058739,0.0,0.0,0.0,0.0,0.0
87.0,0.0,74.0,5.369999999999999,730.3250000000006,1.3045849781705199,0.7654605917273765,0.7758851639846245,206.13035654897286,207.4035177600249,0.0,0.0,0.0,0.0,0.0
88.0,0.0,75.0,2.8449999999999998,733.1700000000006,1.3152900718722105,0.773909160721942,0.7837727754189333,207.3303886044719,208.61317216231572,0.0,0.0,0.0,0.0,0.0
89.0,0.0,76.0,2.04,735.2100000000006,1.3259435727588391,0.7819701708336396,0.7912831350811041,208.02194934622153,209.30990063596272,0.0,0.0,0.0,0.0,0.0
90.0,0.0,77.0,7.045,742.2550000000006,1.3365464612816038,0.7895823405506073,0.7984342863168021,216.13380608148495,217.47867610130172,0.0,0.0,0.0,0.0,0.0
91.0,0.0,78.0,3.9000000000000004,746.1550000000005,1.3470996857427742,0.7970034728557227,0.8052434094874817,218.3859509171196,219.74536100338273,0.0,0.0,0.0,0.0,0.0
92.0,0.0,79.0,3.4350000000000005,749.5900000000005,1.3576041637808043,0.8040399078622188,0.8117268632455339,220.13835822105995,221.50820853569218,0.0,0.0,0.0,0.0,0.0
93.0,0.0,80.0,2.0,751.5900000000005,1.3680607837674803,0.8108000084953346,0.8179002238353096,220.82431101325503,222.19789741868664,0.0,0.0,0.0,0.0,0.0
94.0,0.0,81.0,0.5949999999999998,752.1850000000005,1.3784704061234216,0.8172624074871234,0.8237783225144376,220.96584542722252,222.34013244415846,0.0,0.0,0.0,0.0,0.0
95.0,0.0,82.0,2.95,755.1350000000006,1.3888338645577374,0.8233472693015484,0.8293752811853425,222.29824823828292,223.67858202977035,0.0,0.0,0.0,0.0,0.0
96.0,0.0,83.0,6.26,761.3950000000006,1.3991519672371417,0.8290803875081453,0.8347045463225627,228.8277109765803,230.235459652169,0.0,0.0,0.0,0.0,0.0
97.0,0.0,84.0,3.945,765.3400000000006,1.4094254978894147,0.834567747558687,0.8397789212773807,231.20134076274044,232.61825036670015,0.0,0.0,0.0,0.0,0.0
98.0,0.0,85.0,3.7900000000000005,769.1300000000006,1.4196552168456762,0.8397655930468688,0.8446105970373738,233.39463737192253,234.81935853490967,0.0,0.0,0.0,0.0,0.0
99.0,0.0,86.0,1.6700000000000002,770.8000000000005,1.4298418620256066,0.8447580696950869,0.8492111815147863,233.93151019937622,235.35797640041434,0.0,0.0,0.0,0.0,0.0
100.0,0.0,87.0,0.0,770.8000000000005,1.4399861498694035,0.8495749442985895,0.853591727434084,233.93151019937622,235.35797640041434,0.0,0.0,0.0,0.0,0.0
101.0,0.0,88.0,0.16999999999999993,770.9700000000005,1.4500887762199803,0.8541431628620989,0.857762758885694,233.96895722112046,235.39552107133116,0.0,0.0,0.0,0.0,0.0
102.0,0.0,89.0,3.855,774.8250000000005,1.4601504171586288,0.8584672983282144,0.8617342966097201,236.27141711888103,237.70336801127524,0.0,0.0,0.0,0.0,0.0
103.0,0.0,90.0,4.32,779.1450000000006,1.4701717297971417,0.8625853409131436,0.8655158820703799,239.2083644287372,240.64644472029877,0.0,0.0,0.0,0.0,0.0
104.0,0.0,91.0,5.105,784.2500000000006,1.4801533530291429,0.8664890535911296,0.8691166003789993,243.46492325266598,244.9109266035215,0.0,0.0,0.0,0.0,0.0
105.0,0.0,92.0,4.8100000000000005,789.0600000000005,1.4900959082431882,0.8701567364471765,0.8725451021206377,247.2013377212316,248.65363178938446,0.0,0.0,0.0,0.0,0.0
106.0,0.0,93.0,0.625,789.6850000000005,1.5000000000000007,0.8736702255160222,0.8758096241367809,247.3574334497723,248.80996183141977,0.0,0.0,0.0,0.0,0.0
107.0,0.0,94.0,4.77,794.4550000000005,1.5000000000000007,0.8769187822271404,0.8789180093140305,251.04269637672306,252.50037195589334,0.0,0.0,0.0,0.0,0.0
108.0,0.0,95.0,2.3249999999999997,796.7800000000005,1.5000000000000007,0.880165418223229,0.8818777254263331,251.96072282358858,253.41949195228318,0.0,0.0,0.0,0.0,0.0
109.0,0.0,96.0,7.065,803.8450000000006,1.5000000000000007,0.8830784459308754,0.8846958830760149,260.7041316651984,262.1727013338471,0.0,0.0,0.0,0.0,0.0
110.0,0.0,97.0,7.64,811.4850000000006,1.5000000000000007,0.8857787542619138,0.8873792527767261,270.8646987886473,272.34449839796383,0.0,0.0,0.0,0.0,0.0
111.0,0.0,98.0,6.055,817.5400000000005,1.5000000000000007,0.8883873585545198,0.8899342812193358,277.19839011751884,278.6849328194305,0.0,0.0,0.0,0.0,0.0
112.0,0.0,99.0,4.675,822.2150000000005,1.5000000000000007,0.8908754354034484,0.8923671067598549,280.757486793805,282.24767160805357,0.0,0.0,0.0,0.0,0.0
113.0,0.0,100.0,5.7700000000000005,827.9850000000005,1.5000000000000007,0.8932042819801564,0.8946835741665956,286.466606644313,287.9625679243484,0.0,0.0,0.0,0.0,0.0
114.0,0.0,101.0,1.31,829.2950000000004,1.5000000000000007,0.8955628866627767,0.8968892486620007,286.8629863300677,288.35930613601755,0.0,0.0,0.0,0.0,0.0
115.0,0.0,102.0,0.625,829.9200000000004,1.5000000000000007,0.8979991816772703,0.8989894292928713,287.0217281847341,288.5181548662719,0.0,0.0,0.0,0.0,0.0
116.0,0.0,103.0,0.9349999999999999,830.8550000000004,1.5000000000000007,0.9003466067302536,0.9009891616611209,287.2790804577303,288.7756192469884,0.0,0.0,0.0,0.0,0.0
117.0,0.0,104.0,1.905,832.7600000000003,1.5000000000000007,0.9025752893491245,0.9028932500456364,287.95909342911045,289.4557784060386,0.0,0.0,0.0,0.0,0.0
118.0,0.0,105.0,0.0,832.7600000000003,1.5000000000000007,0.9046905127402135,0.9047062689443706,287.95909342911045,289.4557784060386,0.0,0.0,0.0,0.0,0.0
119.0,0.0,106.0,0.26000000000000023,833.0200000000003,1.5000000000000007,0.9066972793834542,0.9066972793834542,288.01980324860546,289.5164882255336,0.0,0.0,0.0,0.0,0.0
120.0,0.0,107.0,1.275,834.2950000000003,1.5000000000000007,0.9086003220718204,0.9086003220718204,288.4054249100209,289.902109886949,0.0,0.0,0.0,0.0,0.0
121.0,0.0,108.0,1.34,835.6350000000003,1.5000000000000007,0.9104041141775872,0.9104041141775872,288.8182390442178,290.31492402114594,0.0,0.0,0.0,0.0,0.0
122.0,0.0,109.0,0.595,836.2300000000004,1.5000000000000007,0.9121128791527756,0.9121128791527756,288.9696642072546,290.4663491841827,0.0,0.0,0.0,0.0,0.0
123.0,0.0,110.0,2.56,838.7900000000003,1.5000000000000007,0.9137305992666929,0.9137305992666929,290.0741694512858,291.5708544282139,0.0,0.0,0.0,0.0,0.0
124.0,0.0,111.0,3.6700000000000004,842.4600000000003,1.5000000000000007,0.9152610235786124,0.9152610235786124,292.23976341541777,293.7364483923459,0.0,0.0,0.0,0.0,0.0
125.0,0.0,112.0,4.19,846.6500000000003,1.5000000000000007,0.9167076751382602,0.9167076751382602,295.09478232725206,296.5914673041802,0.0,0.0,0.0,0.0,0.0
126.0,0.0,113.0,4.09,850.7400000000004,1.5000000000000007,0.9180738574007762,0.9180738574007762,297.80952028124693,299.30620525817505,0.0,0.0,0.0,0.0,0.0
127.0,0.0,114.0,4.535,855.2750000000003,1.5000000000000007,0.9193626598360807,0.9193626598360807,301.20309508368655,302.69978006061467,0.0,0.0,0.0,0.0,0.0
128.0,0.0,115.0,3.135,858.4100000000003,1.5000000000000007,0.9205769627049498,0.9205769627049498,302.80076114041935,304.2974461173475,0.0,0.0,0.0,0.0,0.0
129.0,0.0,116.0,0.6749999999999998,859.0850000000003,1.5000000000000007,0.9217133837612909,0.9217133837612909,302.9771510432307,304.47383602015884,0.0,0.0,0.0,0.0,0.0
130.0,0.0,117.0,0.0,859.0850000000003,1.5000000000000007,0.9227866798616735,0.9227866798616735,302.9771510432307,304.47383602015884,0.0,0.0,0.0,0.0,0.0
131.0,0.0,118.0,0.0,859.0850000000003,1.5000000000000007,0.9237928857345629,0.9237928857345629,302.9771510432307,304.47383602015884,0.0,0.0,0.0,0.0,0.0
132.0,0.0,119.0,2.49,861.5750000000003,1.5000000000000007,0.9247340694148458,0.9247340694148458,304.0382743254279,305.534959302356,0.0,0.0,0.0,0.0,0.0
133.0,0.0,120.0,1.36,862.9350000000003,1.5000000000000007,0.9256121155049747,0.9256121155049747,304.4637523212342,305.96043729816233,0.0,0.0,0.0,0.0,0.0
134.0,0.0,121.0,4.95,867.8850000000003,1.5000000000000007,0.9264248011586002,0.9264248011586002,308.6021778588177,310.0988628357458,0.0,0.0,0.0,0.0,0.0
135.0,0.0,122.0,4.324999999999999,872.2100000000004,1.5000000000000007,0.9271752373294087,0.9271752373294087,311.67933130777953,313.17601628470766,0.0,0.0,0.0,0.0,0.0
136.0,0.0,123.0,7.324999999999999,879.5350000000004,1.5000000000000007,0.9278655872318482,0.9278655872318482,321.347662427068,322.8443474039961,0.0,0.0,0.0,0.0,0.0
137.0,0.0,124.0,9.575,889.1100000000005,1.5000000000000007,0.9284833901947555,0.9284833901947555,335.8120046017972,337.3086895787253,0.0,0.0,0.0,0.0,0.0
138.0,0.0,125.0,9.71,898.8200000000005,1.5000000000000007,0.9290365558351316,0.9290365558351316,350.4727144417321,351.9879961628843,0.0,0.0,0.0,0.0,0.0
139.0,0.0,126.0,7.635,906.4550000000005,1.5000000000000007,0.9295222638065644,0.9295222638065644,360.8976700813918,362.4394468646797,0.0,0.0,0.0,0.0,0.0
140.0,0.0,127.0,5.7,912.1550000000005,1.5000000000000007,0.9299572752478772,0.9299572752478772,366.5695818275247,368.13301906992615,0.0,0.0,0.0,0.0,0.0
141.0,0.0,128.0,5.654999999999999,917.8100000000005,1.5000000000000007,0.9303292149888738,0.9303292149888738,372.13588873181027,373.7277163944117,0.0,0.0,0.0,0.0,0.0
142.0,0.0,129.0,3.96,921.7700000000006,1.5000000000000007,0.9306664958621993,0.9306664958621993,374.67743015392097,376.2854880372409,0.0,0.0,0.0,0.0,0.0
143.0,0.0,130.0,3.4699999999999998,925.2400000000006,1.5000000000000007,0.930951697656529,0.930951697656529,376.6189424641577,378.2419021138902,0.0,0.0,0.0,0.0,0.0
144.0,0.0,131.0,3.4050000000000002,928.6450000000006,1.5000000000000007,0.9311816942788673,0.9311816942788673,378.48754288129885,380.1272606393345,0.01404056962484646,0.009637188372558357,0.03647555747413836,0.04052839719348707,0.05337203269308734
145.0,0.0,132.0,1.8049999999999997,930.4500000000005,1.5000000000000007,0.931353968363532,0.931353968363532,379.1200799604564,380.7662904047604,0.015710977166748165,0.009637411055053488,0.036537360498036645,0.040597067220040715,0.05982210494416591
146.0,0.0,133.0,2.3349999999999995,932.7850000000005,1.5000000000000007,0.9314709999810274,0.9316492193252717,380.0662102426079,381.723473001968,0.017572618608435238,0.009637530945943199,0.036628998627204874,0.04069888736356097,0.0670788100495091
147.0,0.0,134.0,9.68,942.4650000000005,1.5000000000000007,0.9314709999810274,0.9316492193252717,394.53689247760246,396.38203038073556,0.019645517686316245,0.019662969618410738,0.07757766930129281,0.08619741033476978,0.07787130188382684
148.0,0.0,135.0,8.53,950.9950000000005,1.5000000000000007,0.9314709999810274,0.9316492193252717,406.9008217324169,408.74736489595944,0.021951332371107957,0.021975140822058804,0.08941702858181305,0.09935225397979228,0.08972549262645751
149.0,0.0,136.0,9.425,960.4200000000004,1.5000000000000007,0.9314709999810274,0.9316492193252717,420.93146244913555,422.7795967962381,0.024513371842556576,0.024539959085703677,0.103296408663872,0.11477378740430222,0.10363753463712325
150.0,0.0,137.0,10.905000000000001,971.3250000000004,1.5000000000000007,0.9314709999810274,0.9316492193252717,436.82873801296165,438.6786712449132,0.02735657939496827,0.02738625038567157,0.11963101194879895,0.13292334660977662,0.12000747898790651
151.0,0.0,138.0,13.965,985.2900000000004,1.5000000000000007,0.9314709999810274,0.9316492193252717,454.24061552977133,456.0925146530857,0.03050747176953121,0.03054056022325146,0.13872762874433794,0.15414180971593106,0.13914229515073512
152.0,0.0,139.0,9.425,994.7150000000004,1.5000000000000007,0.9314709999810274,0.9316492193252717,468.21696406846,470.0704376683879,0.03399402415355875,0.03403089412769057,0.15933841933002466,0.17704268814447183,0.1597958581197311
153.0,0.0,140.0,2.2849999999999997,997.0000000000003,1.5000000000000007,0.9314709999810274,0.9316492193252717,469.1218039054785,470.9753792094172,0.03784548899568894,0.03788653627488055,0.1777340024100231,0.19748222490002565,0.17824293531110424
154.0,0.0,141.0,2.75,999.7500000000003,1.5000000000000007,0.9314709999810274,0.9316492193252717,470.36079449141494,472.21450874374,0.0420921360185449,0.0421377892180351,0.19819964014706767,0.22022182238563073,0.19876517331971863
155.0,0.0,142.0,5.345,1005.0950000000004,1.5000000000000007,0.9314709999810274,0.9316492193252717,475.1806169718763,477.03487052479505,0.04676490057118081,0.04681562185873852,0.22245876078757426,0.2471764008750825,0.22308488289078154
156.0,0.0,143.0,9.120000000000001,1014.2150000000004,1.5000000000000007,0.9314709999810274,0.9316492193252717,488.5623767997441,490.41812425643656,0.05189492800325866,0.05195121332694995,0.25381408260645205,0.2820156473405023,0.25450213249780934
157.0,0.0,144.0,8.97,1023.1850000000004,1.5000000000000007,0.9314709999810274,0.9316492193252717,501.65247148401966,503.5096769384981,0.05751300335000308,0.057575382047393514,0.2888283270071161,0.3209203633412401,0.2895835373652281
158.0,0.0,145.0,9.55,1032.7350000000004,1.5000000000000007,0.9314709999810274,0.9316492193252717,515.7196323051667,517.5784009804241,0.0636488586006587,0.06371789225667793,0.3286056796587417,0.36511742184304635,0.3294327445875805
159.0,0.0,146.0,11.239999999999998,1043.9750000000004,1.5000000000000007,0.9314709999810274,0.9316492193252717,531.7201189562147,533.5806615836864,0.07033035448137945,0.07040663489874624,0.3743662428366813,0.41596249204075697,0.3752691707358963
160.0,0.0,147.0,10.755,1054.7300000000005,1.5000000000000007,0.9314709999810274,0.9316492193252717,547.2691402494185,549.1314027708466,0.07758254025518395,0.07766668640508866,0.4250458069493407,0.47227311883260076,0.42603009160854843
161.0,0.0,148.0,11.605,1066.3350000000005,1.5000000000000007,0.9314709999810274,0.9316492193252717,563.4956592746933,565.3597124384717,0.08542660364210837,0.0855192574759771,0.4818973037210796,0.5354414485789774,0.4829676006969768
162.0,0.0,149.0,12.935,1079.2700000000004,1.5000000000000007,0.9314709999810274,0.9316492193252717,580.3677972329069,582.2337079163982,0.09382178228802096,0.09392354154636397,0.5451019891557667,0.6056688768397408,0.546262041848795
163.0,0.0,150.0,11.184999999999999,1090.4550000000004,1.5000000000000007,0.9314709999810274,0.9316492193252717,596.2404634888954,598.108117535817,0.10221696093393354,0.1023278256167508,0.6101199017354236,0.6779110019282485,0.6113679408442713
164.0,0.0,151.0,10.17,1100.6250000000005,1.5000000000000007,0.9314709999810274,0.9316492193252717,611.0611133495889,612.9303913548913,0.11061213957984613,0.11073210968713768,0.6766408622897115,0.7518231803219017,0.6779754200127694
165.0,0.0,152.0,10.290000000000001,1110.9150000000004,1.5000000000000007,0.9314709999810274,0.9316492193252717,626.0074411340411,627.8783529682535,0.11900731822575872,0.11913639375752452,0.7458026900208548,0.8286696555787275,0.747221189587582
166.0,0.0,153.0,7.085,1118.0000000000005,1.5000000000000007,0.9314709999810274,0.9316492193252717,634.7563030035956,636.6281689135279,0.12740249687167132,0.12754067782791143,0.8095724914061772,0.899524990451308,0.8110801829842359
167.0,0.0,154.0,9.975000000000001,1127.9750000000004,1.5000000000000007,0.9314709999810274,0.9316492193252717,649.2685156411354,651.1419603210783,0.1357976755175839,0.13594496189829827,0.8826478362059883,0.9807198180066536,0.8842356464356528
168.0,0.0,155.0,9.355,1137.3300000000004,1.5000000000000007,0.9314709999810274,0.9316492193252717,662.8415757391692,664.71649344933,0.14419285416349648,0.1443492459686851,0.9568068165464414,1.0631186850516015,0.9584736840000999
169.0,0.0,156.0,11.670000000000002,1149.0000000000005,1.5000000000000007,0.9314709999810274,0.9316492193252717,678.9407768216611,680.8174374681118,0.15258803280940908,0.15275353003907197,1.0371060034697845,1.1523400038553162,1.0388459348560206
170.0,0.0,157.0,14.86,1163.8600000000004,1.5000000000000007,0.9314709999810274,0.9316492193252717,696.2791451391379,698.1576782920555,0.16098321145532166,0.16114157368506765,1.121995171718143,1.2466613019090476,1.123916651536464
171.0,0.0,158.0,16.22,1180.0800000000004,1.5000000000000007,0.9314709999810274,0.9316492193252717,712.5817584950374,715.4749255537362,0.16937839010123423,0.16942857974515477,1.2073171529411906,1.3414635032679896,1.2118599104809225
172.0,0.0,159.0,16.975,1197.0550000000003,1.5000000000000007,0.9314709999810274,0.9316492193252717,729.8741538349263,732.7691792531539,0.17777356874714684,0.17783076654608757,1.2979408025864199,1.4421564473182442,1.3026699206375092
173.0,0.0,160.0,20.02,1217.0750000000003,1.5000000000000007,0.9314709999810274,0.9316492193252717,747.1435626860213,750.0404393903086,0.18616874739305941,0.18623308442636127,1.3914285018831813,1.5460316687590903,1.3963408909543364
174.0,0.0,161.0,19.525,1236.6000000000004,1.5000000000000007,0.9314709999810274,0.9316492193252717,764.3899850483222,767.2887059652005,0.194563926038972,0.1946355214696721,1.4877744334607506,1.6530827038452784,1.492867030379518
175.0,0.0,162.0,19.815,1256.4150000000004,1.5000000000000007,0.9314709999810274,0.9316492193252717,781.6134209218292,784.5139789778294,0.2029591046848846,0.20303806716163447,1.5869727825156121,1.7633030916840133,1.5922425478611664
176.0,0.0,163.0,17.745,1274.1600000000003,1.5000000000000007,0.9314709999810274,0.9316492193252717,798.8138703065422,801.7162584281954,0.2113542833307972,0.21144071218950689,1.6890177364447168,1.876686373827463,1.6944616523473943
177.0,0.0,164.0,12.27,1286.4300000000003,1.5000000000000007,0.9314709999810274,0.9316492193252717,815.0781365156082,817.982250714643,0.21974946197670975,0.21984344827529667,1.791895881453943,1.9909954238377143,1.7975115950104088
178.0,0.0,165.0,10.094999999999999,1296.5250000000003,1.5000000000000007,0.9314709999810274,0.9316492193252717,829.5332810493373,832.4389254243371,0.22814464062262235,0.22824626803592962,1.893378756111112,2.103754173456791,1.8991647948121733
179.0,0.0,166.0,7.515000000000001,1304.0400000000004,1.5000000000000007,0.9314709999810274,0.9316492193252717,839.158306204337,842.0649668471032,0.23653981926853496,0.23664916486549695,1.9858611235320132,2.2065123594800147,1.991818950703787
180.0,0.0,167.0,10.899999999999999,1314.9400000000005,1.5000000000000007,0.9314709999810274,0.9316492193252717,854.4351376723238,857.3434071854331,0.2449349979144475,0.24505213283561914,2.093811528562988,2.3264572539588757,2.099934056509294
181.0,0.0,168.0,11.190000000000001,1326.1300000000006,1.5000000000000007,0.9314709999810274,0.9316492193252717,869.9364728647544,872.8463706704193,0.2533301765603601,0.25345516661075457,2.204898936707085,2.449887707452316,2.2111832519200685
182.0,0.0,169.0,14.805,1340.9350000000006,1.5000000000000007,0.9314709999810274,0.9316492193252717,886.9990033167035,889.9106887472077,0.2617253552062727,0.2618582613759023,2.3226801685067016,2.580755742785224,2.3291219111422174
183.0,0.0,170.0,14.129999999999999,1355.0650000000007,1.5000000000000007,0.9314709999810274,0.9316492193252717,904.0385472798586,906.9520132617331,0.27012053385218526,0.2702614127746328,2.443267349905812,2.7147414998953465,2.4498636200057358
184.0,0.0,171.0,14.305,1369.3700000000008,1.5000000000000007,0.9314709999810274,0.9316492193252717,921.0551047542198,923.9703442139955,0.27851571249809787,0.27866461685576593,2.5666546786938205,2.8518385318820227,2.573402587458737
185.0,0.0,172.0,16.59,1385.9600000000007,1.5000000000000007,0.9314709999810274,0.9316492193252717,938.048675739787,940.9656816039951,0.28691089114401047,0.28702583445542906,2.6924420391402255,2.9916022657113617,2.6997330224493346
186.0,0.0,173.0,15.945,1401.9050000000007,1.5000000000000007,0.9310924134587965,0.9316492193252717,951.6423777944168,957.9380254317317,0.295306069789923,0.28762313467316397,2.737143637890535,3.0412707087672612,2.8288491339256403
187.0,0.0,174.0,16.615000000000002,1418.5200000000007,1.5000000000000007,0.9310924134587965,0.9316492193252717,968.5788992840392,974.8873756972054,0.3037012484358356,0.2876317742731033,2.7859406732455763,3.0954896369395293,2.9607451308357677
188.0,0.0,175.0,18.53,1437.0500000000006,1.5000000000000007,0.9310924134587965,0.9316492193252717,985.4924493082511,991.813732400416,0.31209642708174823,0.287640046230492,2.8346709367882617,3.1496343742091795,3.09541522212783
189.0,0.0,176.0,20.130000000000003,1457.1800000000007,1.5000000000000007,0.9310924134587965,0.9316492193252717,1002.3830278670526,1008.7170955413638,0.3204916057276608,0.28764797352298954,2.8833344665979608,3.203704962886623,3.232853616749939
190.0,0.0,177.0,18.795,1475.9750000000008,1.5000000000000007,0.9310924134587965,0.9316492193252717,1019.2506349604437,1025.5974651200486,0.3288867843735734,0.287655577252528,2.9319312976455207,3.257701441828356,3.3730545236502087
191.0,0.0,178.0,18.62,1494.5950000000007,1.5000000000000007,0.9310924134587965,0.9316492193252717,1036.0952705884242,1042.4548411364706,0.337281963019486,0.28766287683288494,2.9804614621041248,3.3116238467823607,3.516012151776752
192.0,0.0,179.0,19.755,1514.3500000000008,1.5000000000000007,0.9310924134587965,0.9316492193252717,1052.9169347509944,1059.2892235906295,0.34567714166539854,0.2876698901551885,3.0289249896235635,3.365472210692848,3.6617207100776805
193.0,0.0,180.0,16.21,1530.5600000000009,1.5000000000000007,0.9310924134587965,0.9316492193252717,1069.7156274481542,1076.1006124825255,0.35407232031131114,0.2876766337343268,3.0773219075728826,3.4192465639698693,3.8101744075011093
194.0,0.0,181.0,16.68,1547.240000000001,1.5000000000000007,0.9310924134587965,0.9316492193252717,1086.4913486799037,1092.8890078121588,0.36246749895722374,0.28768312283878045,3.1256522412555294,3.472946934728366,3.96136745299515
195.0,0.0,182.0,20.125,1567.365000000001,1.5000000000000007,0.9310924134587965,0.9316492193252717,1103.2440984462426,1109.6544095795289,0.3708626776031363,0.2876489499175067,3.1734700642074807,3.5260778491194227,4.115294055507913
196.0,0.0,183.0,17.495,1584.8600000000008,1.5000000000000007,0.9310924134587965,0.9316492193252717,1119.973876747171,1126.3968177846361,0.3792578562490489,0.28762069646952065,3.221276664576904,3.579196293974338,4.271948423987517
197.0,0.0,184.0,20.71,1605.5700000000008,1.5000000000000007,0.9306592390345917,0.9316492193252717,1133.2825427932437,1143.1162324274803,0.3876530348949615,0.2874509072977111,3.2576309515057504,3.6195899461175003,4.431324767382069
198.0,0.0,185.0,21.785,1627.355000000001,1.5000000000000007,0.9306592390345917,0.9316492193252717,1149.9538967644835,1159.8126535080617,0.39604821354087405,0.2874609011393368,3.305667834326103,3.6729642603623365,4.593417294639686
199.0,0.0,186.0,20.755000000000003,1648.110000000001,1.5000000000000007,0.9306592390345917,0.9316492193252717,1166.6022964555711,1176.4860810263801,0.40444339218678665,0.28747055036573393,3.3536380422001213,3.726264491333468,4.758220214708479
200.0,0.0,187.0,17.67,1665.780000000001,1.5000000000000007,0.9306592390345917,0.9316492193252717,1183.227741866507,1193.1365149824355,0.41283857083269926,0.2874798724997109,3.4015416036990422,3.7794906707767133,4.925727736536562
201.0,0.0,188.0,19.485,1685.265000000001,1.5000000000000007,0.9306592390345917,0.9316492193252717,1199.8302329972905,1209.763955376228,0.42123374947861186,0.2874888838958886,3.4493785454893504,3.8326428283215,5.0959340690720465
202.0,0.0,189.0,21.869999999999997,1707.135000000001,1.5000000000000007,0.92710737643146,0.9280611131133173,1216.3081165429812,1226.2656711276409,0.4296289281245244,0.2874975998364539,3.4968566416770495,3.8853962685300547,5.268392058824689
203.0,0.0,190.0,20.43,1727.565000000001,1.5000000000000007,0.9232844000323783,0.9241966259218868,1232.6541750703107,1242.634299683363,0.438024106770437,0.2875060346176461,3.543955139293508,3.937727932548342,5.443037791611126
204.0,0.0,191.0,19.63,1747.195000000001,1.5000000000000007,0.9191696157118788,0.9200344689592598,1248.860689480816,1258.8619620491993,0.4464192854163496,0.2875142016280069,3.5906518408067907,3.9896131564519894,5.619802575358274
205.0,0.0,192.0,20.105,1767.300000000001,1.5000000000000007,0.9147407497611771,0.9155517136224176,1264.919407340695,1274.9402298951127,0.45481446406226217,0.28752211341929385,3.6369230130367725,4.041025570040858,5.79861257371163
206.0,0.0,193.0,17.93,1785.2300000000012,1.5000000000000007,0.9099738283185234,0.910723665187333,1280.8215097375444,1290.860091117807,0.4632096427081748,0.2875297817708489,3.6827432918224536,4.091936990913838,5.979388415929214
207.0,0.0,194.0,20.025,1805.2550000000012,1.5000000000000007,0.9048430475964667,0.9055237267700063,1296.5575766935403,1306.6119138925199,0.4716048213540874,0.2875372177481144,3.7280855825269805,4.142317313918867,6.16204478230404
208.0,0.0,195.0,20.765,1826.0200000000013,1.5000000000000007,0.8993206342035641,0.8999232528088296,1312.1175511901754,1322.1854092730614,0.48,0.2875444317559093,3.7729209565393425,4.192134396154825,6.3464899645106945
209.0,0.0,196.0,18.56,1844.5800000000013,1.5000000000000007,0.8933766948044374,0.8938913912611417,1327.4907018916986,1337.569592433514,0.48,0.2875444317559093,3.817125595367017,4.241250661518907,6.4203340436808665
210.0,0.0,197.0,19.395,1863.9750000000013,1.5000000000000007,0.8869790543043805,0.8873949136446595,1342.6655846945152,1352.7527426881131,0.48,0.2875444317559093,3.8607601258920012,4.289733473213334,6.493213164902943
211.0,0.0,198.0,21.27,1885.2450000000013,1.5000000000000007,0.8800930816825902,0.8803980319875149,1355.9291351267516,1367.7223624799667,0.48,0.2875444317559093,3.8988987266130337,4.332109696236704,6.56506733990384
212.0,0.0,199.0,20.395,1905.6400000000012,1.5000000000000007,0.8726815025312413,0.8728622016785054,1366.5900393675952,1382.4651355973253,0.48,0.2875444317559093,3.929553563132409,4.366170625702677,6.635832650867162
213.0,0.0,200.0,20.57,1926.2100000000012,1.5000000000000007,0.8647041972856643,0.8647459091314967,1374.9448932647229,1396.9668849619552,0.48,0.2875444317559093,3.9535774802949413,4.392863866994379,6.705441047817385
214.0,0.0,201.0,19.405,1945.6150000000011,1.5000000000000007,0.8561179840534232,0.8561179840534232,1389.1966138926355,1411.2155837667515,0.48,0.2875444317559093,3.9945575093899124,4.438397232655458,6.773834802080407
215.0,0.0,202.0,19.16,1964.7750000000012,1.5000000000000007,0.8468763848667324,0.8468763848667324,1403.1807549203847,1425.1967555264766,0.48,0.2875444317559093,4.034768128244099,4.4830756980489985,6.840944426527088
216.0,0.0,203.0,20.605,1985.3800000000012,1.5000000000000007,0.8369293740929094,0.8369293740929094,1416.8807542800748,1438.893841843243,0.48,0.2875444317559093,4.074161713553483,4.526846348392759,6.906690440847567
217.0,0.0,204.0,20.315,2005.6950000000013,1.5000000000000007,0.8262231076409898,0.8262231076409898,1430.2790604499696,1452.289295091575,0.48,0.2875444317559093,4.112687796894624,4.569653107660693,6.97098861643956
218.0,0.0,205.0,20.71,2026.4050000000013,1.5000000000000007,0.8146996314986754,0.8146996314986754,1443.3570990597611,1465.3645450320798,0.48,0.2875444317559093,4.150292968699967,4.611436631888852,7.033749816153983
219.0,0.0,206.0,21.57,2047.9750000000013,1.5000000000000007,0.802296568021894,0.802296568021894,1456.095244356949,1478.0999702852507,0.48,0.2875444317559093,4.186920796211009,4.652134218012232,7.094879857369203
220.0,0.0,207.0,20.735,2068.7100000000014,1.5000000000000007,0.7889467782788341,0.7889467782788341,1468.472797505903,1490.474876636545,0.48,0.2875444317559093,4.2225117610784535,4.691679734531615,7.154279407855416
221.0,0.0,208.0,19.36,2088.0700000000015,1.5000000000000007,0.7745779986206848,0.7745779986206848,1480.4679742738126,1502.467484726382,0.48,0.2875444317559093,4.257003223953856,4.730003582170951,7.211843926686634
222.0,0.0,209.0,18.455,2106.5250000000015,1.5000000000000007,0.7591124495118102,0.7591124495118102,1492.0579054214124,1514.0549304422198,0.48,0.2875444317559093,4.290329425613123,4.7670326951256925,7.267463666122655
223.0,0.0,210.0,20.025,2126.5500000000015,1.5000000000000007,0.7424664145019159,0.7424664145019159,1503.2186541214492,1525.2132823347283,0.48,0.2875444317559093,4.322421537042349,4.80269059671372,7.321023755206696
224.0,0.0,211.0,22.880000000000003,2149.4300000000017,1.5000000000000007,0.7245497870611464,0.7245497870611464,1513.9252560555612,1535.9175817074802,0.48,0.2875444317559093,4.353207774734159,4.836897527482399,7.372404392195905
225.0,0.0,212.0,22.805,2172.2350000000015,1.5000000000000007,0.7052655828250909,0.7052655828250909,1524.1517895999116,1546.1419127888635,0.48,0.2875444317559093,4.382613602502588,4.86957066944732,7.421481181386544
226.0,0.0,213.0,22.255000000000003,2194.4900000000016,1.5000000000000007,0.6845094146094319,0.6845094146094319,1533.8714858489186,1555.859512733403,0.48,0.2875444317559093,4.410562047850196,4.90062449761133,7.468125661120335
227.0,0.0,214.0,21.57,2216.0600000000018,1.5000000000000007,0.6621689273524451,0.6621689273524451,1543.0568913433588,1565.0429343159083,0.48,0.2875444317559093,4.43697416988366,4.929971299870734,7.512206084716359
228.0,0.0,215.0,23.43,2239.4900000000016,1.5000000000000007,0.6381231899266397,0.6381231899266397,1550.2593302013943,1573.664278343513,0.48,0.2875444317559093,4.457684381770565,4.952982646411739,7.553588536048862
0.0,0.0,0.0,0.0,0.0,0.0,0.0,0.0,0.0,0.0,0.0,0.0,0.0,0.0,0.0
0.0,0.0,0.0,0.0,0.0,0.0,0.0,0.0,0.0,0.0,0.0,0.0,0.0,0.0,0.0
0.0,0.0,0.0,0.0,0.0,0.0,0.0,0.0,0.0,0.0,0.0,0.0,0.0,0.0,0.0
0.0,0.0,0.0,0.0,0.0,0.0,0.0,0.0,0.0,0.0,0.0,0.0,0.0,0.0,0.0
0.0,0.0,0.0,0.0,0.0,0.0,0.0,0.0,0.0,0.0,0.0,0.0,0.0,0.0,0.0
0.0,0.0,0.0,0.0,0.0,0.0,0.0,0.0,0.0,0.0,0.0,0.0,0.0,0.0,0.0
0.0,0.0,0.0,0.0,0.0,0.0,0.0,0.0,0.0,0.0,0.0,0.0,0.0,0.0,0.0
0.0,0.0,0.0,0.0,0.0,0.0,0.0,0.0,0.0,0.0,0.0,0.0,0.0,0.0,0.0
0.0,0.0,0.0,0.0,0.0,0.0,0.0,0.0,0.0,0.0,0.0,0.0,0.0,0.0,0.0
0.0,0.0,0.0,0.0,0.0,0.0,0.0,0.0,0.0,0.0,0.0,0.0,0.0,0.0,0.0
0.0,0.0,0.0,0.0,0.0,0.0,0.0,0.0,0.0,0.0,0.0,0.0,0.0,0.0,0.0
0.0,0.0,0.0,0.0,0.0,0.0,0.0,0.0,0.0,0.0,0.0,0.0,0.0,0.0,0.0
0.0,0.0,0.0,0.0,0.0,0.0,0.0,0.0,0.0,0.0,0.0,0.0,0.0,0.0,0.0
0.0,0.0,0.0,0.0,0.0,0.0,0.0,0.0,0.0,0.0,0.0,0.0,0.0,0.0,0.0
0.0,0.0,0.0,0.0,0.0,0.0,0.0,0.0,0.0,0.0,0.0,0.0,0.0,0.0,0.0
