Date,time_step_counter,season_counter,dap,gdd,gdd_cum,z_root,canopy_cover,canopy_cover_ns,biomass,biomass_ns,harvest_index,harvest_index_adj,DryYield,FreshYield,YieldPot
2025-10-01,0.0,-1.0,0.0,0.3,0.0,0.0,0.0,0.0,0.0,0.0,0.0,0.0,0.0,0.0,0.0
2025-10-02,1.0,-1.0,0.0,0.3,0.0,0.0,0.0,0.0,0.0,0.0,0.0,0.0,0.0,0.0,0.0
2025-10-03,2.0,-1.0,0.0,0.3,0.0,0.0,0.0,0.0,0.0,0.0,0.0,0.0,0.0,0.0,0.0
2025-10-04,3.0,-1.0,0.0,0.3,0.0,0.0,0.0,0.0,0.0,0.0,0.0,0.0,0.0,0.0,0.0
2025-10-05,4.0,-1.0,0.0,0.3,0.0,0.0,0.0,0.0,0.0,0.0,0.0,0.0,0.0,0.0,0.0
2025-10-06,5.0,-1.0,0.0,0.3,0.0,0.0,0.0,0.0,0.0,0.0,0.0,0.0,0.0,0.0,0.0
2025-10-07,6.0,-1.0,0.0,0.3,0.0,0.0,0.0,0.0,0.0,0.0,0.0,0.0,0.0,0.0,0.0
2025-10-08,7.0,-1.0,0.0,0.3,0.0,0.0,0.0,0.0,0.0,0.0,0.0,0.0,0.0,0.0,0.0
2025-10-09,8.0,-1.0,0.0,0.3,0.0,0.0,0.0,0.0,0.0,0.0,0.0,0.0,0.0,0.0,0.0
2025-10-10,9.0,-1.0,0.0,0.3,0.0,0.0,0.0,0.0,0.0,0.0,0.0,0.0,0.0,0.0,0.0
2025-10-11,10.0,-1.0,0.0,0.3,0.0,0.0,0.0,0.0,0.0,0.0,0.0,0.0,0.0,0.0,0.0
2025-10-12,11.0,-1.0,0.0,0.3,0.0,0.0,0.0,0.0,0.0,0.0,0.0,0.0,0.0,0.0,0.0
2025-10-13,12.0,-1.0,0.0,0.3,0.0,0.0,0.0,0.0,0.0,0.0,0.0,0.0,0.0,0.0,0.0
2025-10-14,13.0,-1.0,0.0,0.3,0.0,0.0,0.0,0.0,0.0,0.0,0.0,0.0,0.0,0.0,0.0
2025-10-15,14.0,0.0,1.0,18.97,18.97,0.3,0.0,0.0,0.0,0.0,0.0,0.0,0.0,0.0,0.0
2025-10-16,15.0,0.0,2.0,18.06,37.03,0.3,0.0,0.0,0.0,0.0,0.0,0.0,0.0,0.0,0.0
2025-10-17,16.0,0.0,3.0,14.64,51.67,0.3,0.0,0.0,0.0,0.0,0.0,0.0,0.0,0.0,0.0
2025-10-18,17.0,0.0,4.0,12.59,64.26,0.3,0.0,0.0,0.0,0.0,0.0,0.0,0.0,0.0,0.0
2025-10-19,18.0,0.0,5.0,11.285,75.545,0.3,0.0,0.0,0.0,0.0,0.0,0.0,0.0,0.0,0.0
2025-10-20,19.0,0.0,6.0,8.41,83.955,0.3,0.0,0.0,0.0,0.0,0.0,0.0,0.0,0.0,0.0
2025-10-21,20.0,0.0,7.0,9.795,93.75,0.3,0.0,0.0,0.0,0.0,0.0,0.0,0.0,0.0,0.0
2025-10-22,21.0,0.0,8.0,11.115,104.865,0.31429501214065503,0.0,0.0,0.0,0.0,0.0,0.0,0.0,0.0,0.0
2025-10-23,22.0,0.0,9.0,11.504999999999999,116.36999999999999,0.346665127763267,0.0,0.0,0.0,0.0,0.0,0.0,0.0,0.0,0.0
2025-10-24,23.0,0.0,10.0,13.18,129.54999999999998,0.3755580119871119,0.0,0.0,0.0,0.0,0.0,0.0,0.0,0.0,0.0
2025-10-25,24.0,0.0,11.0,13.575,143.12499999999997,0.4021130549386273,0.0,0.0,0.0,0.0,0.0,0.0,0.0,0.0,0.0
2025-10-26,25.0,0.0,12.0,14.48,157.60499999999996,0.42694236757877846,0.0,0.0,0.0,0.0,0.0,0.0,0.0,0.0,0.0
2025-10-27,26.0,0.0,13.0,13.18,170.78499999999997,0.4504227545269761,0.0675,0.07089058257723316,2.0100853433448984,2.106905466754781,0.0,0.0,0.0,0.0,0.0
2025-10-28,27.0,0.0,14.0,10.01,180.79499999999996,0.4728069623901052,0.07089058257723316,0.07089058257723316,3.8311074412862967,3.927927564696179,0.0,0.0,0.0,0.0,0.0
2025-10-29,28.0,0.0,15.0,12.965,193.75999999999996,0.4942749214356934,0.07445147700947427,0.07445147700947427,6.029856835970428,6.12667695938031,0.0,0.0,0.0,0.0,0.0
2025-10-30,29.0,0.0,16.0,14.32,208.07999999999996,0.4942749214356934,0.07819123820647572,0.07819123820647572,8.42131749745694,8.518137620866824,0.0,0.0,0.0,0.0,0.0
2025-10-31,30.0,0.0,17.0,17.465,225.54499999999996,0.4942749214356934,0.08211885079840409,0.08211885079840409,10.927190274878038,11.024010398287922,0.0,0.0,0.0,0.0,0.0
2025-11-01,31.0,0.0,18.0,16.345,241.88999999999996,0.4942749214356934,0.08624375072106301,0.08624375072106301,13.552649826294763,13.649469949704647,0.0,0.0,0.0,0.0,0.0
2025-11-02,32.0,0.0,19.0,16.775,258.66499999999996,0.4942749214356934,0.09057584788536044,0.09057584788536044,16.303074325724882,16.399894449134766,0.0,0.0,0.0,0.0,0.0
2025-11-03,33.0,0.0,20.0,14.86,273.525,0.4942749214356934,0.09512554998548226,0.09512554998548226,19.184050277570716,19.2808704009806,0.0,0.0,0.0,0.0,0.0
2025-11-04,34.0,0.0,21.0,13.025,286.54999999999995,0.4942749214356934,0.09990378750297112,0.09990378750297112,22.094876420817364,22.19169654422725,0.0,0.0,0.0,0.0,0.0
2025-11-05,35.0,0.0,22.0,13.695,300.24499999999995,0.4942749214356934,0.10492203996678116,0.10492203996678116,25.178597624118474,25.27541774752836,0.0,0.0,0.0,0.0,0.0
2025-11-06,36.0,0.0,23.0,13.28,313.5249999999999,0.4942749214356934,0.11019236353239789,0.11019236353239789,28.38571882434519,28.482538947755074,0.0,0.0,0.0,0.0,0.0
2025-11-07,37.0,0.0,24.0,11.535,325.05999999999995,0.4942749214356934,0.1157274199462807,0.1157274199462807,31.579299881247888,31.676120004657772,0.0,0.0,0.0,0.0,0.0
2025-11-08,38.0,0.0,25.0,12.3,337.35999999999996,0.4942749214356934,0.1215405069652141,0.1215405069652141,35.01474557640001,35.111565699809894,0.0,0.0,0.0,0.0,0.0
2025-11-09,39.0,0.0,26.0,12.235,349.59499999999997,0.4942749214356934,0.12764559030364878,0.12764559030364878,38.60308346121661,38.6999035846265,0.0,0.0,0.0,0.0,0.0
2025-11-10,40.0,0.0,27.0,12.165000000000001,361.76,0.4942749214356934,0.13405733718578497,0.13405733718578497,42.34963060874101,42.44645073215089,0.0,0.0,0.0,0.0,0.0
2025-11-11,41.0,0.0,28.0,11.23,372.99,0.4942749214356934,0.14079115158300562,0.14079115158300562,46.12504877104752,46.2218688944574,0.0,0.0,0.0,0.0,0.0
2025-11-12,42.0,0.0,29.0,11.68,384.67,0.4942749214356934,0.14786321122131568,0.14786321122131568,50.15455047527868,50.25137059868857,0.0,0.0,0.0,0.0,0.0
2025-11-13,43.0,0.0,30.0,11.36,396.03000000000003,0.4942749214356934,0.155290506447697,0.155290506447697,54.31020755253235,54.40702767594223,0.0,0.0,0.0,0.0,0.0
2025-11-14,44.0,0.0,31.0,12.115,408.14500000000004,0.4942749214356934,0.16309088104875294,0.16309088104875294,58.78530260843536,58.88212273184524,0.0,0.0,0.0,0.0,0.0
2025-11-15,45.0,0.0,32.0,12.780000000000001,420.92500000000007,0.4942749214356934,0.17128307511970858,0.17128307511970858,63.548892673699775,63.64571279710965,0.0,0.0,0.0,0.0,0.0
2025-11-16,46.0,0.0,33.0,11.815000000000001,432.74000000000007,0.4942749214356934,0.1798867700867575,0.1798867700867575,68.38664606902044,68.48346619243031,0.0,0.0,0.0,0.0,0.0
2025-11-17,47.0,0.0,34.0,12.185,444.92500000000007,0.4942749214356934,0.18892263599091905,0.18892263599091905,73.50532927718758,73.60214940059745,0.0,0.0,0.0,0.0,0.0
2025-11-18,48.0,0.0,35.0,11.77,456.69500000000005,0.4942749214356934,0.19841238114700455,0.19841238114700455,78.7757690652399,78.87258918864975,0.0,0.0,0.0,0.0,0.0
2025-11-19,49.0,0.0,36.0,11.795,468.49000000000007,0.4942749214356934,0.20837880429699535,0.20837880429699535,84.28459820637954,84.3814183297894,0.0,0.0,0.0,0.0,0.0
2025-11-20,50.0,0.0,37.0,10.305,478.7950000000001,0.4942749214356934,0.2188458493831297,0.2188458493831297,89.57597163917484,89.6727917625847,0.0,0.0,0.0,0.0,0.0
2025-11-21,51.0,0.0,38.0,10.24,489.0350000000001,0.4942749214356934,0.22983866307228867,0.22983866307228867,95.06971231433559,95.16653243774545,0.0,0.0,0.0,0.0,0.0
2025-11-22,52.0,0.0,39.0,9.5,498.5350000000001,0.4942749214356934,0.24138365516988075,0.24138365516988075,100.40637139115138,100.50319151456124,0.0,0.0,0.0,0.0,0.0
2025-11-23,53.0,0.0,40.0,7.965,506.50000000000006,0.4942749214356934,0.25350856206836747,0.25350856206836747,104.7684944676654,104.86531459107526,0.0,0.0,0.0,0.0,0.0
2025-11-24,54.0,0.0,41.0,8.015,514.5150000000001,0.4942749214356934,0.2662425133828628,0.2662425133828628,109.36423551900096,109.46105564241081,0.0,0.0,0.0,0.0,0.0
2025-11-25,55.0,0.0,42.0,8.645,523.1600000000001,0.4942749214356934,0.27961610193389536,0.27961610193389536,114.74363626683495,114.84045639024481,0.0,0.0,0.0,0.0,0.0
2025-11-26,56.0,0.0,43.0,7.51,530.6700000000001,0.4942749214356934,0.2936614572454645,0.2936614572454645,119.19659210478936,119.29341222819922,0.0,0.0,0.0,0.0,0.0
2025-11-27,57.0,0.0,44.0,7.555000000000001,538.225,0.4942749214356934,0.3084123227349663,0.3084123227349663,123.88540862536144,123.98222874877129,0.0,0.0,0.0,0.0,0.0
2025-11-28,58.0,0.0,45.0,8.504999999999999,546.73,0.4942749214356934,0.3239041367804356,0.3239041367804356,129.82170612279663,129.91852624620648,0.0,0.0,0.0,0.0,0.0
2025-11-29,59.0,0.0,46.0,7.365,554.095,0.4942749214356934,0.3401741178598651,0.3401741178598651,134.66651503544352,134.76333515885338,0.0,0.0,0.0,0.0,0.0
2025-11-30,60.0,0.0,47.0,4.93,559.025,0.4942749214356934,0.3572613539671439,0.3572613539671439,136.78424735485348,136.88106747826333,0.0,0.0,0.0,0.0,0.0
2025-12-01,61.0,0.0,48.0,4.65,563.675,0.4942749214356934,0.3752068965194362,0.3752068965194362,138.71822647077357,138.81504659418343,0.0,0.0,0.0,0.0,0.0
2025-12-02,62.0,0.0,49.0,4.865,568.54,0.4942749214356934,0.39405385898160683,0.39405385898160683,140.93982636396697,141.03664648737683,0.0,0.0,0.0,0.0,0.0
2025-12-03,63.0,0.0,50.0,4.765000000000001,573.305,0.4942749214356934,0.41384752044463685,0.41384752044463685,143.1434602864615,143.24028040987136,0.0,0.0,0.0,0.0,0.0
2025-12-04,64.0,0.0,51.0,5.96,579.265,0.4942749214356934,0.43463543440686986,0.43463543440686986,146.9190900816756,147.01591020508545,0.0,0.0,0.0,0.0,0.0
2025-12-05,65.0,0.0,52.0,6.52,585.785,0.4942749214356934,0.45646754301943426,0.45646754301943426,151.68334781420458,151.78016793761444,0.0,0.0,0.0,0.0,0.0
2025-12-06,66.0,0.0,53.0,6.95,592.735,0.4942749214356934,0.4793640388867966,0.4793640388867966,157.32519565213875,157.4220157755486,0.0,0.0,0.0,0.0,0.0
2025-12-07,67.0,0.0,54.0,6.5600000000000005,599.295,0.4942749214356934,0.5019181375381481,0.5019181375381481,162.5026784963334,162.59949861974326,0.0,0.0,0.0,0.0,0.0
2025-12-08,68.0,0.0,55.0,5.335,604.63,0.4942749214356934,0.5233930992063598,0.5233930992063598,165.8830640223223,165.97988414573217,0.0,0.0,0.0,0.0,0.0
2025-12-09,69.0,0.0,56.0,6.11,610.74,0.4942749214356934,0.5438405154388127,0.5438405154388127,170.58703410291457,170.68385422632446,0.0,0.0,0.0,0.0,0.0
2025-12-10,70.0,0.0,57.0,4.755,615.495,0.4942749214356934,0.5633095099017564,0.5633095099017564,173.34023725075156,173.43705737416144,0.0,0.0,0.0,0.0,0.0
2025-12-11,71.0,0.0,58.0,3.98,619.475,0.4942749214356934,0.5818468555942795,0.5818468555942795,175.25840009733292,175.3552202207428,0.0,0.0,0.0,0.0,0.0
2025-12-12,72.0,0.0,59.0,3.8850000000000002,623.36,0.4942749214356934,0.5994970872136836,0.5994970872136836,177.12055511364375,177.21737523705363,0.0,0.0,0.0,0.0,0.0
2025-12-13,73.0,0.0,60.0,2.955,626.315,0.4942749214356934,0.6163026081429059,0.6163026081429059,178.2329965939678,178.3298167173777,0.0,0.0,0.0,0.0,0.0
2025-12-14,74.0,0.0,61.0,2.2600000000000002,628.575,0.4942749214356934,0.6323037923169654,0.6323037923169654,178.945264105911,179.0420842293209,0.0,0.0,0.0,0.0,0.0
2025-12-15,75.0,0.0,62.0,2.555,631.13,0.4942749214356934,0.6475390812131022,0.6475390812131022,179.8338524618101,179.93067258521998,0.0,0.0,0.0,0.0,0.0
2025-12-16,76.0,0.0,63.0,2.495,633.625,0.4942749214356934,0.6620450761975565,0.6620450761975565,180.6997947975311,180.79661492094098,0.0,0.0,0.0,0.0,0.0
2025-12-17,77.0,0.0,64.0,0.25500000000000034,633.88,0.4942749214356934,0.6758566264507719,0.6758566264507719,180.74941889391476,180.84623901732465,0.0,0.0,0.0,0.0,0.0
2025-12-18,78.0,0.0,65.0,1.68,635.56,0.4942749214356934,0.689006912682174,0.689006912682174,181.22737515204312,181.324195275453,0.0,0.0,0.0,0.0,0.0
2025-12-19,79.0,0.0,66.0,1.775,637.3349999999999,0.4942749214356934,0.7015275268355529,0.7015275268355529,181.7517013658145,181.8485214892244,0.0,0.0,0.0,0.0,0.0
2025-12-20,80.0,0.0,67.0,3.5349999999999997,640.8699999999999,0.4942749214356934,0.7134485479764356,0.7134485479764356,183.47836715098018,183.57518727439006,0.0,0.0,0.0,0.0,0.0
2025-12-21,81.0,0.0,68.0,2.87,643.7399999999999,0.4942749214356934,0.7247986145436487,0.7247986145436487,184.6528545078249,184.7496746312348,0.0,0.0,0.0,0.0,0.0
2025-12-22,82.0,0.0,69.0,1.6149999999999998,645.3549999999999,0.4942749214356934,0.7356049931385245,0.7356049931385245,185.12388136058615,185.22070148399604,0.0,0.0,0.0,0.0,0.0
2025-12-23,83.0,0.0,70.0,1.9649999999999999,647.3199999999999,0.4942749214356934,0.745893644016872,0.745893644016872,185.7600029471837,185.85682307059358,0.0,0.0,0.0,0.0,0.0
2025-12-24,84.0,0.0,71.0,1.435,648.7549999999999,0.4942749214356934,0.7556892834408971,0.7556892834408971,186.16570442050678,186.26252454391667,0.0,0.0,0.0,0.0,0.0
2025-12-25,85.0,0.0,72.0,1.46,650.2149999999999,0.4942749214356934,0.7650154430406919,0.7650154430406919,186.5844904608799,186.68131058428978,0.0,0.0,0.0,0.0,0.0
2025-12-26,86.0,0.0,73.0,2.105,652.3199999999999,0.4942749214356934,0.7738945263277113,0.7738945263277113,187.3095497604221,187.40636988383199,0.0,0.0,0.0,0.0,0.0
2025-12-27,87.0,0.0,74.0,2.45,654.77,0.4942749214356934,0.782347862495792,0.782347862495792,188.24493047526943,188.3417505986793,0.0,0.0,0.0,0.0,0.0
2025-12-28,88.0,0.0,75.0,2.105,656.875,0.4942749214356934,0.7903957576387234,0.7903957576387234,188.97968923978362,189.0765093631935,0.0,0.0,0.0,0.0,0.0
2025-12-29,89.0,0.0,76.0,2.4,659.275,0.4942749214356934,0.7980575435071473,0.7980575435071473,189.89460391340327,189.99142403681316,0.0,0.0,0.0,0.0,0.0
2025-12-30,90.0,0.0,77.0,3.5200000000000005,662.795,0.4942749214356934,0.805351623921624,0.805351623921624,191.74388348686603,191.8407036102759,0.0,0.0,0.0,0.0,0.0
2025-12-31,91.0,0.0,78.0,1.9399999999999995,664.735,0.4942749214356934,0.8122955189530294,0.8122955189530294,192.40208554659307,192.49890567000296,0.0,0.0,0.0,0.0,0.0
2026-01-01,92.0,0.0,79.0,2.6799999999999997,667.415,0.4942749214356934,0.8189059069760526,0.8189059069760526,193.52516550017177,193.62198562358165,0.0,0.0,0.0,0.0,0.0
2026-01-02,93.0,0.0,80.0,2.715,670.13,0.4942749214356934,0.8251986646964031,0.8251986646964031,194.67965389682715,194.77647402023703,0.0,0.0,0.0,0.0,0.0
2026-01-03,94.0,0.0,81.0,2.7299999999999995,672.86,0.4942749214356934,0.8311889052474252,0.8311889052474252,195.8506760186853,195.9474961420952,0.0,0.0,0.0,0.0,0.0
2026-01-04,95.0,0.0,82.0,2.44,675.3000000000001,0.4942749214356934,0.8368910144471183,0.8368910144471183,196.81954199793526,196.91636212134514,0.0,0.0,0.0,0.0,0.0
2026-01-05,96.0,0.0,83.0,3.0599999999999996,678.36,0.4942749214356934,0.8423186853020856,0.8423186853020856,198.27199558993186,198.36881571334175,0.0,0.0,0.0,0.0,0.0
2026-01-06,97.0,0.0,84.0,3.105,681.465,0.4942749214356934,0.847484950840647,0.847484950840647,199.77027746817444,199.86709759158433,0.0,0.0,0.0,0.0,0.0
2026-01-07,98.0,0.0,85.0,1.6749999999999998,683.14,0.4942749214356934,0.8524022153532634,0.8524022153532634,200.31494972906805,200.41176985247793,0.0,0.0,0.0,0.0,0.0
2026-01-08,99.0,0.0,86.0,2.4299999999999997,685.5699999999999,0.4942749214356934,0.8570822841145023,0.8570822841145023,201.29141185082523,201.3882319742351,0.0,0.0,0.0,0.0,0.0
2026-01-09,100.0,0.0,87.0,2.4400000000000004,688.01,0.4942749214356934,0.8615363916570259,0.8615363916570259,202.2777814071125,202.3746015305224,0.0,0.0,0.0,0.0,0.0
2026-01-10,101.0,0.0,88.0,1.9799999999999998,689.99,0.4942749214356934,0.8657752286644946,0.8657752286644946,202.98431420424785,203.08113432765774,0.0,0.0,0.0,0.0,0.0
2026-01-11,102.0,0.0,89.0,3.0599999999999996,693.05,0.4942749214356934,0.8698089675468286,0.8698089675468286,204.46578205049812,204.562602173908,0.0,0.0,0.0,0.0,0.0
2026-01-12,103.0,0.0,90.0,4.975,698.025,0.4942749214356934,0.8736472867579639,0.8736472867579639,208.5220800469328,208.6189001703427,0.0,0.0,0.0,0.0,0.0
2026-01-13,104.0,0.0,91.0,4.68,702.7049999999999,0.4942749214356934,0.8772993939130528,0.8772993939130528,212.07221643117,212.1690365545799,0.0,0.0,0.0,0.0,0.0
2026-01-14,105.0,0.0,92.0,3.34,706.045,0.4942749214356934,0.8807740477589892,0.8807740477589892,213.8354418417437,213.93226196515357,0.0,0.0,0.0,0.0,0.0
2026-01-15,106.0,0.0,93.0,1.98,708.025,0.4942749214356934,0.884079579049175,0.884079579049175,214.55109864118288,214.64791876459276,0.0,0.0,0.0,0.0,0.0
2026-01-16,107.0,0.0,94.0,1.485,709.51,0.4942749214356934,0.8872239103705706,0.8872239103705706,215.0213059382817,215.11812606169158,0.0,0.0,0.0,0.0,0.0
2026-01-17,108.0,0.0,95.0,1.9300000000000002,711.4399999999999,0.4942749214356934,0.8902145749682846,0.8902145749682846,215.71228407693215,215.80910420034203,0.0,0.0,0.0,0.0,0.0
2026-01-18,109.0,0.0,96.0,3.21,714.65,0.4942749214356934,0.893058734610241,0.893058734610241,217.35990298541572,217.4567231088256,0.0,0.0,0.0,0.0,0.0
2026-01-19,110.0,0.0,97.0,3.865,718.515,0.4942749214356934,0.8957631965317991,0.8957631965317991,219.746631592176,219.84345171558587,0.0,0.0,0.0,0.0,0.0
2026-01-20,111.0,0.0,98.0,2.0,720.515,0.4942749214356934,0.8983344294975937,0.8983344294975937,220.48065323117123,220.57747335458112,0.0,0.0,0.0,0.0,0.0
2026-01-21,112.0,0.0,99.0,1.8499999999999999,722.365,0.4942749214356934,0.9007785790152757,0.9007785790152757,221.13331238878493,221.2301325121948,0.0,0.0,0.0,0.0,0.0
2026-01-22,113.0,0.0,100.0,1.3000000000000003,723.665,0.4942749214356934,0.903101481733273,0.903101481733273,221.5294264071901,221.62624653059999,0.0,0.0,0.0,0.0,0.0
2026-01-23,114.0,0.0,101.0,0.915,724.5799999999999,0.4942749214356934,0.9053086790521248,0.9053086790521248,221.78196248466946,221.87878260807935,0.0,0.0,0.0,0.0,0.0
2026-01-24,115.0,0.0,102.0,0.4099999999999999,724.9899999999999,0.4942749214356934,0.9074054299763584,0.9074054299763584,221.88176409332394,221.97858421673382,0.0,0.0,0.0,0.0,0.0
2026-01-25,116.0,0.0,103.0,1.2500000000000002,726.2399999999999,0.4942749214356934,0.9093967232312592,0.9093967232312592,222.25924185538028,222.35606197879017,0.0,0.0,0.0,0.0,0.0
2026-01-26,117.0,0.0,104.0,2.575,728.8149999999999,0.4942749214356934,0.9112872886661948,0.9112872886661948,223.3781353734734,223.4749554968833,0.0,0.0,0.0,0.0,0.0
2026-01-27,118.0,0.0,105.0,1.9349999999999998,730.7499999999999,0.4942749214356934,0.9130816079633886,0.9130816079633886,224.0826792212131,224.179499344623,0.0,0.0,0.0,0.0,0.0
2026-01-28,119.0,0.0,106.0,2.795,733.5449999999998,0.4942749214356934,0.9147839246681398,0.9147839246681398,225.37773119340858,225.47455131681846,0.0,0.0,0.0,0.0,0.0
2026-01-29,120.0,0.0,107.0,3.505,737.0499999999998,0.4942749214356934,0.9163982535534501,0.9163982535534501,227.3632609917486,227.4600811151585,0.0,0.0,0.0,0.0,0.0
2026-01-30,121.0,0.0,108.0,4.3,741.3499999999998,0.4942749214356934,0.917928389328772,0.917928389328772,230.3974211875013,230.49424131091118,0.0,0.0,0.0,0.0,0.0
2026-01-31,122.0,0.0,109.0,3.78,745.1299999999998,0.4942749214356934,0.9193779146991258,0.9193779146991258,232.7138919791254,232.8107121025353,0.0,0.0,0.0,0.0,0.0
2026-02-01,123.0,0.0,110.0,3.375,748.5049999999998,0.4942749214356934,0.9207502077770525,0.9207502077770525,234.5626382248036,234.6594583482135,0.0,0.0,0.0,0.0,0.0
2026-02-02,124.0,0.0,111.0,2.02,750.5249999999997,0.4942749214356934,0.9220484488457454,0.9220484488457454,235.32003480292232,235.4168549263322,0.0,0.0,0.0,0.0,0.0
2026-02-03,125.0,0.0,112.0,2.8549999999999995,753.3799999999998,0.4942749214356934,0.9232756264671385,0.9232756264671385,236.67303977842934,236.76985990183923,0.0,0.0,0.0,0.0,0.0
2026-02-04,126.0,0.0,113.0,2.95,756.3299999999998,0.4942749214356934,0.9244345429236429,0.9244345429236429,238.11011997054533,238.2069400939552,0.0,0.0,0.0,0.0,0.0
2026-02-05,127.0,0.0,114.0,3.78,760.1099999999998,0.4942749214356934,0.9255278189765077,0.9255278189765077,240.43601151144705,240.53283163485693,0.0,0.0,0.0,0.0,0.0
2026-02-06,128.0,0.0,115.0,4.37,764.4799999999998,0.4942749214356934,0.9265578979173082,0.9265578979173082,243.59572480628486,243.69254492969475,0.0,0.0,0.0,0.0,0.0
2026-02-07,129.0,0.0,116.0,3.28,767.7599999999998,0.4942749214356934,0.9275270488816881,0.9275270488816881,245.35289406114376,245.44971418455364,0.0,0.0,0.0,0.0,0.0
2026-02-08,130.0,0.0,117.0,2.4850000000000003,770.2449999999998,0.4942749214356934,0.92843736938601,0.92843736938601,246.41778224016144,246.51460236357133,0.0,0.0,0.0,0.0,0.0
2026-02-09,131.0,0.0,118.0,3.0100000000000007,773.2549999999998,0.4942749214356934,0.9292907870377966,0.9292907870377966,247.91387888414064,248.01069900755053,0.0,0.0,0.0,0.0,0.0
2026-02-10,132.0,0.0,119.0,4.445,777.6999999999998,0.4942749214356934,0.9300890603594929,0.9300890603594929,251.20003977894157,251.29685990235146,0.0,0.0,0.0,0.0,0.0
2026-02-11,133.0,0.0,120.0,5.45,783.1499999999999,0.4942749214356934,0.9308337786518406,0.9308337786518406,256.3744691432353,256.47128926664516,0.0,0.0,0.0,0.0,0.0
2026-02-12,134.0,0.0,121.0,6.9799999999999995,790.1299999999999,0.4942749214356934,0.9315263608076337,0.9315263608076337,265.2314080061802,265.32822812959006,0.0,0.0,0.0,0.0,0.0
2026-02-13,135.0,0.0,122.0,6.68,796.8099999999998,0.4942749214356934,0.9321680529683504,0.9321680529683504,273.32801810252556,273.42483822593545,0.0,0.0,0.0,0.0,0.0
2026-02-14,136.0,0.0,123.0,7.48,804.2899999999998,0.4942749214356934,0.932759924894544,0.932759924894544,283.4623705781964,283.55919070160627,0.0,0.0,0.0,0.0,0.0
2026-02-15,137.0,0.0,124.0,6.275,810.5649999999998,0.4942749214356934,0.9333028648952312,0.9333028648952312,290.55219186557775,290.64901198898764,0.0,0.0,0.0,0.0,0.0
2026-02-16,138.0,0.0,125.0,5.989999999999999,816.5549999999998,0.4942749214356934,0.9337975731309479,0.9337975731309479,296.9481773304986,297.0531522320225,0.0,0.0,0.0,0.0,0.0
2026-02-17,139.0,0.0,126.0,5.48,822.0349999999999,0.4942749214356934,0.9342445530685949,0.9342445530685949,302.1851653195832,302.3035178360175,0.0,0.0,0.0,0.0,0.0
2026-02-18,140.0,0.0,127.0,7.765,829.7999999999998,0.4942749214356934,0.9346441008223256,0.9346441008223256,312.9979738359038,313.15782828646496,0.0,0.0,0.0,0.0,0.0
2026-02-19,141.0,0.0,128.0,7.640000000000001,837.4399999999998,0.4942749214356934,0.9349962920618968,0.9349962920618968,323.49294804083837,323.7066010189852,0.0,0.0,0.0,0.0,0.0
2026-02-20,142.0,0.0,129.0,6.0,843.4399999999998,0.4942749214356934,0.9353009661060425,0.9353009661060425,329.88603764877615,330.1407213470975,0.0,0.0,0.0,0.0,0.0
2026-02-21,143.0,0.0,130.0,6.01,849.4499999999998,0.4942749214356934,0.9355577067409963,0.9355577067409963,336.2955431547476,336.59966726184314,0.0,0.0,0.0,0.0,0.0
2026-02-22,144.0,0.0,131.0,4.994999999999999,854.4449999999998,0.4942749214356934,0.935765819210039,0.935765819210039,340.5255033592083,340.86775131658146,0.01404056962484646,0.0033330248669844404,0.011349799705386347,0.012610888561540386,0.04785977395225311
2026-02-23,145.0,0.0,132.0,4.109999999999999,858.5549999999998,0.4942749214356934,0.9359243027048666,0.9359243027048666,343.2848449757487,343.65555665788696,0.015710977166748165,0.003333024866984441,0.011441769247630691,0.012713076941811879,0.05399164603878192
2026-02-24,146.0,0.0,133.0,4.325,862.8799999999999,0.4942749214356934,0.9360318175485282,0.9360318175485282,346.35815213023125,346.7645792164513,0.017572618608435238,0.0033330248669844404,0.011544203339328405,0.012826892599253783,0.060935616974852266
2026-02-25,147.0,0.0,134.0,6.21,869.0899999999999,0.4942749214356934,0.9360318175485282,0.9360318175485282,353.212626575902,353.70767583503994,0.019645517686316245,0.004353213013243079,0.01537609802451985,0.01708455336057761,0.0694877040140309
2026-02-26,148.0,0.0,135.0,7.1499999999999995,876.2399999999999,0.4942749214356934,0.9360318175485282,0.9360318175485282,362.39979551829026,362.8948447774282,0.021951332371107957,0.006772301731908636,0.024542807628318525,0.02726978625368725,0.07966025353470957
2026-02-27,149.0,0.0,136.0,7.415,883.6549999999999,0.4942749214356934,0.9360318175485282,0.9360318175485282,372.2388095231046,372.7338587822425,0.024513371842556576,0.007139114198496668,0.026574553702978926,0.029527281892198807,0.09136963678640082
2026-02-28,150.0,0.0,137.0,9.42,893.0749999999998,0.4942749214356934,0.9360318175485282,0.9360318175485282,386.347266712493,386.84231597163097,0.02735657939496827,0.02735674073270184,0.1056920200824168,0.11743557786935199,0.10582682530211324
2026-03-01,151.0,0.0,138.0,9.62,902.6949999999998,0.4942749214356934,0.9360318175485282,0.9360318175485282,400.75830588105237,401.2533551401903,0.03050747176953121,0.030507651689918227,0.12226194807660853,0.1358466089740095,0.12241225404369037
2026-03-02,152.0,0.0,139.0,8.875,911.5699999999998,0.4942749214356934,0.9360318175485282,0.9360318175485282,413.84935312046514,414.3444023796031,0.03399402415355875,0.033994224636182416,0.14068487875515873,0.15631653195017636,0.1408523362238409
2026-03-03,153.0,0.0,140.0,8.925,920.4949999999998,0.4942749214356934,0.9360318175485282,0.9360318175485282,427.0196902716482,427.51473953078613,0.03784548899568894,0.03784571219265125,0.16160864298615876,0.17956515887350974,0.1617950437040719
2026-03-04,154.0,0.0,141.0,10.385000000000002,930.8799999999998,0.4942749214356934,0.9360318175485282,0.9360318175485282,442.40750891302037,442.9025581721583,0.0420921360185449,0.04209238426046609,0.1862198686488243,0.20691096516536034,0.18642714721543982
2026-03-05,155.0,0.0,142.0,10.08,940.9599999999998,0.4942749214356934,0.9360318175485282,0.9360318175485282,457.39891252189653,457.8939617810345,0.04676490057118081,0.04676517637112493,0.21390340816047232,0.2376704535116359,0.21413365594834144
2026-03-06,156.0,0.0,143.0,10.17,951.1299999999998,0.4942749214356934,0.9360318175485282,0.9360318175485282,472.4862993305529,472.98134858969087,0.05189492800325866,0.0518952340579721,0.2451978709294411,0.2724420788104901,0.24545333031946193
2026-03-07,157.0,0.0,144.0,10.46,961.5899999999998,0.4942749214356934,0.9360318175485282,0.9360318175485282,487.8994704835358,488.39451974267376,0.05751300335000308,0.057513342537789565,0.28060729369925747,0.31178588188806383,0.28089035650083544
2026-03-08,158.0,0.0,145.0,10.78,972.3699999999998,0.4942749214356934,0.9360318175485282,0.9360318175485282,503.629005283944,504.12405454308197,0.0636488586006587,0.06364923397516888,0.3205560039399932,0.35617333771110354,0.3208692066480338
2026-03-09,159.0,0.0,146.0,12.65,985.0199999999998,0.4942749214356934,0.9360318175485282,0.9360318175485282,520.5815208741751,521.076570133313,0.07033035448137945,0.07033076926057492,0.3661289882592078,0.40680998695467535,0.3664749988941728
2026-03-10,160.0,0.0,147.0,12.95,997.9699999999998,0.4942749214356934,0.9360318175485282,0.9360318175485282,537.6280411114798,538.1230903706177,0.07758254025518395,0.0775829978047565,0.4171079513332747,0.4634532792591941,0.41748956320922437
2026-03-11,161.0,0.0,148.0,14.32,1012.2899999999998,0.4942749214356934,0.9360318175485282,0.9360318175485282,555.3024969012586,555.7975461603965,0.08542660364210837,0.08542710745270612,0.47437886071539825,0.5270876230171092,0.4747989668110062
2026-03-12,162.0,0.0,149.0,12.445,1024.735,0.4942749214356934,0.9360318175485282,0.9360318175485282,572.098833559746,572.5938828188839,0.09382178228802096,0.09382233560989262,0.5367564876427059,0.5963960973807844,0.5372177861328592
2026-03-13,163.0,0.0,150.0,12.110000000000001,1036.8449999999998,0.4942749214356934,0.9360318175485282,0.9360318175485282,588.7070238166851,589.202073075823,0.10221696093393354,0.10221756376707908,0.6017619774710935,0.6686244194123261,0.6022644528578406
2026-03-14,164.0,0.0,151.0,13.885000000000002,1050.7299999999998,0.4942749214356934,0.9360318175485282,0.9360318175485282,605.9339244305286,606.4289736896665,0.11061213957984613,0.1106127919242656,0.6702404310288773,0.7447115900320859,0.6707840628302423
2026-03-15,165.0,0.0,152.0,14.68,1065.4099999999999,0.4942749214356934,0.9360318175485282,0.9360318175485282,623.5152892964322,624.0103385555701,0.11900731822575872,0.11900802008145207,0.7420332006968221,0.8244813341075801,0.7426179693664617
2026-03-16,166.0,0.0,153.0,11.115,1076.5249999999999,0.4942749214356934,0.9360318175485282,0.9360318175485282,639.3832927384686,639.8783419976065,0.12740249687167132,0.1274032482386386,0.8145950836439725,0.9051056484933028,0.815220984646003
2026-03-17,167.0,0.0,154.0,9.885,1086.4099999999999,0.4942749214356934,0.9360318175485282,0.9360318175485282,653.8792607178867,654.3743099770246,0.1357976755175839,0.1357984763958251,0.887958073523175,0.9866200816924167,0.8886251021330286
2026-03-18,168.0,0.0,155.0,10.01,1096.4199999999998,0.4942749214356934,0.9360318175485282,0.9360318175485282,668.5248607809167,669.0199100400546,0.14419285416349648,0.14419370455301153,0.9639707626178667,1.071078625130963,0.9646789032088111
2026-03-19,169.0,0.0,156.0,9.965,1106.3849999999998,0.4942749214356934,0.9360318175485282,0.9360318175485282,683.0911772301733,683.5862264893112,0.15258803280940908,0.15258893271019805,1.042321536773049,1.1581350408589433,1.0430707755561117
2026-03-20,170.0,0.0,157.0,10.43,1116.8149999999998,0.4942749214356934,0.9360318175485282,0.9360318175485282,698.2085474977931,698.703596756931,0.16098321145532166,0.16098416086738454,1.1240051712936763,1.2488946347707515,1.1247954886131482
2026-03-21,171.0,0.0,158.0,12.36,1129.1749999999997,0.4942749214356934,0.9360318175485282,0.9360318175485282,714.7663386761886,715.2613879353265,0.16937839010123423,0.169379389024571,1.2106668574030242,1.3451853971144712,1.2114982239005998
2026-03-22,172.0,0.0,159.0,13.424999999999999,1142.5999999999997,0.4942749214356934,0.9360318175485282,0.9360318175485282,731.6944748277706,732.1895240869085,0.17777356874714684,0.17777461718175752,1.3007670515651404,1.445296723961267,1.3016394469620476
2026-03-23,173.0,0.0,160.0,14.809999999999999,1157.4099999999996,0.4942749214356934,0.9360318175485282,0.9360318175485282,749.0896578459237,749.5847071050616,0.18616874739305941,0.186169845338944,1.3945790574617811,1.5495322860686456,1.3954924598674265
2026-03-24,174.0,0.0,161.0,13.785,1171.1949999999997,0.4942749214356934,0.9360318175485282,0.9360318175485282,766.0656711178175,766.5607203769554,0.194563926038972,0.19456507349613048,1.4904962360390066,1.6561069289322294,1.4914506330380304
2026-03-25,175.0,0.0,162.0,14.985,1186.1799999999996,0.4942749214356934,0.9360318175485282,0.9360318175485282,783.4143086740331,783.909357933171,0.2029591046848846,0.202960301653317,1.5900200440800656,1.7666889378667394,1.591015414402191
2026-03-26,176.0,0.0,163.0,14.1,1200.2799999999995,0.4942749214356934,0.9360318175485282,0.9360318175485282,800.7396734992799,801.2347227584178,0.2113542833307972,0.21135552981050354,1.6924075793272992,1.8804528659192212,1.6934439060835536
2026-03-27,177.0,0.0,164.0,14.379999999999999,1214.6599999999996,0.4942749214356934,0.9360318175485282,0.9360318175485282,818.0417655935579,818.5368148526958,0.21974946197670975,0.21975075796769,1.7976529803841172,1.997392200426797,1.7987302467200958
2026-03-28,178.0,0.0,165.0,14.995,1229.6549999999995,0.4942749214356934,0.9360318175485282,0.9360318175485282,835.3205849568672,835.815634216005,0.22814464062262235,0.22814598612487652,1.9057503858539317,2.117500428726591,1.9068685749497964
2026-03-29,179.0,0.0,166.0,15.105,1244.7599999999995,0.4942749214356934,0.9360318175485282,0.9360318175485282,852.5761315892075,853.0711808483454,0.23653981926853496,0.23654121428206304,2.0166939343401515,2.240771038155724,2.017853029410633
2026-03-30,180.0,0.0,167.0,14.405000000000001,1259.1649999999995,0.4942749214356934,0.9360318175485282,0.9360318175485282,869.8084054905792,870.303454749717,0.2449349979144475,0.24493644243924953,2.1304777644461868,2.3671975160513186,2.131677748740584
2026-03-31,181.0,0.0,168.0,14.790000000000001,1273.9549999999995,0.4942749214356934,0.9360318175485282,0.9360318175485282,887.0174066609819,887.5124559201198,0.2533301765603601,0.2533316705964361,2.2470960147754484,2.496773349750498,2.248336871577628
2026-04-01,182.0,0.0,169.0,15.605,1289.5599999999995,0.4942749214356934,0.9360318175485282,0.9360318175485282,904.0027539284481,904.6981843595538,0.2617253552062727,0.25393324995215094,2.295563572707454,2.550626191897171,2.3678245365597426
2026-04-02,183.0,0.0,170.0,14.965,1304.5249999999994,0.4942749214356934,0.9360318175485282,0.9360318175485282,920.0984251495997,921.860640068019,0.27012053385218526,0.25388073607490946,2.335952654383454,2.5955029493149486,2.490134882324905
2026-04-03,184.0,0.0,171.0,13.645,1318.1699999999994,0.4942749214356934,0.9360318175485282,0.9360318175485282,936.813152864641,938.5753677830603,0.27851571249809787,0.25388271689258146,2.378406684699803,2.6426740941108924,2.614079872912633
2026-04-04,185.0,0.0,172.0,13.48,1331.6499999999994,0.4942749214356934,0.9360318175485282,0.9360318175485282,953.462317618751,955.2245325371703,0.28691089114401047,0.2538846076730866,2.4206940643970847,2.6896600715523165,2.740643218728603
2026-04-05,186.0,0.0,173.0,14.825,1346.4749999999995,0.4942749214356934,0.9360318175485282,0.9360318175485282,970.5549551343097,972.317170052729,0.295306069789923,0.2538648426127072,2.4638978093215465,2.737664232579496,2.8713116207753164
2026-04-06,187.0,0.0,174.0,15.445,1361.9199999999994,0.4942749214356934,0.9360318175485282,0.9360318175485282,985.992930296608,989.386534837319,0.3037012484358356,0.25380257046709853,2.502475401716658,2.78052822412962,3.0047792581569914
2026-04-07,188.0,0.0,175.0,16.515,1378.4349999999995,0.4942749214356934,0.9359318787869901,0.9360318175485282,1000.2606799752987,1006.4326268909402,0.31209642708174823,0.2537133614295681,2.537794994223585,2.8197722158039835,3.1410402695116066
2026-04-08,189.0,0.0,176.0,17.395,1395.8299999999995,0.4942749214356934,0.9353262102539206,0.9360318175485282,1013.3726788063174,1023.4554462135926,0.3204916057276608,0.2535940339791364,2.569852655427377,2.855391839363752,3.2800887934771383
2026-04-09,190.0,0.0,177.0,18.490000000000002,1414.3199999999995,0.4942749214356934,0.9353262102539206,0.9360318175485282,1030.351623649748,1040.454992805276,0.3288867843735734,0.2536016233108847,2.6129884433858184,2.9033204926509093,3.4219189686915668
2026-04-10,191.0,0.0,178.0,18.945,1433.2649999999994,0.4942749214356934,0.9353262102539206,0.9360318175485282,1047.3073239664295,1057.431266665991,0.337281963019486,0.2536089090693632,2.656064678914803,2.951182976572003,3.56652493379287
2026-04-11,192.0,0.0,179.0,20.115000000000002,1453.3799999999994,0.4942749214356934,0.9353262102539206,0.9360318175485282,1064.2397797563617,1074.3842677957368,0.34567714166539854,0.25361590911182286,2.699081392558758,2.9989793250652865,3.7139008274190237
2026-04-12,193.0,0.0,180.0,18.685,1472.0649999999994,0.4942749214356934,0.9353262102539206,0.9360318175485282,1081.1489910195446,1091.313996194514,0.35407232031131114,0.25362263992188033,2.742038612512542,3.04670956945838,3.8640407882080092
2026-04-13,194.0,0.0,181.0,18.255,1490.3199999999995,0.4942749214356934,0.9353262102539206,0.9360318175485282,1098.0349577559782,1108.2204518623223,0.36246749895722374,0.2536291167391053,2.784936364843096,3.094373738714551,4.016938954797803
2026-04-14,195.0,0.0,182.0,18.055,1508.3749999999995,0.4942749214356934,0.9353262102539206,0.9360318175485282,1114.8976799656627,1125.103634799162,0.3708626776031363,0.2536353536742109,2.827774673686481,3.1419718596516457,4.172589465826384
2026-04-15,196.0,0.0,183.0,18.36,1526.7349999999994,0.4942749214356934,0.9353262102539206,0.9360318175485282,1131.737157648598,1141.9635450050328,0.3792578562490489,0.2536413638116763,2.870553561423405,3.1895039571371164,4.330986459931729
2026-04-16,197.0,0.0,184.0,19.105,1545.8399999999995,0.4942749214356934,0.9353262102539206,0.9360318175485282,1148.553390804784,1158.8001824799346,0.3876530348949615,0.2536471593013751,2.913273048835956,3.2369700542621733,4.492124075751819
2026-04-17,198.0,0.0,185.0,18.79,1564.6299999999994,0.4942749214356934,0.9353262102539206,0.9360318175485282,1165.3463794342206,1175.6135472238677,0.39604821354087405,0.2536527514405581,2.955933155247827,3.2843701724975856,4.6559964519246275
2026-04-18,199.0,0.0,186.0,19.625,1584.2549999999994,0.4942749214356934,0.9353262102539206,0.9360318175485282,1182.1161235369082,1192.403639236832,0.40444339218678665,0.2536581507473555,2.9985338986500456,3.331704331833384,4.822597727088137
2026-04-19,200.0,0.0,187.0,18.87,1603.1249999999993,0.4942749214356934,0.9353262102539206,0.9360318175485282,1198.8626231128464,1209.1704585188277,0.41283857083269926,0.25366336702680387,3.041075295813908,3.378972550904342,4.991922039880325
2026-04-20,201.0,0.0,188.0,19.4,1622.5249999999994,0.4942749214356934,0.9353262102539206,0.9360318175485282,1215.5858781620354,1225.9140050698545,0.42123374947861186,0.2536684094302706,3.083557362392622,3.426174847102913,5.163963528939168
2026-04-21,202.0,0.0,189.0,18.25,1640.7749999999994,0.4942749214356934,0.9317565361470198,0.9324319135276525,1232.1835123418966,1242.5309913234219,0.4296289281245244,0.2536732865090335,3.125720411580131,3.473022679533479,5.338272579637845
2026-04-22,203.0,0.0,190.0,17.58,1658.3549999999993,0.4942749214356934,0.9279143886914673,0.9285551106083301,1248.6482598171267,1259.0140284740853,0.438024106770437,0.25367800626267495,3.1675460107376727,3.519495567486303,5.514784952338108
2026-04-23,204.0,0.0,191.0,16.95,1675.3049999999994,0.4942749214356934,0.9237789699870901,0.9243801101671764,1264.9723499649622,1275.3552104082257,0.4464192854163496,0.25368257618286755,3.209014445392075,3.5655716059911944,5.693431616824583
2026-04-24,205.0,0.0,192.0,16.825000000000003,1692.1299999999994,0.4942749214356934,0.9193278946292722,0.9198839753245313,1281.1474755328388,1291.546080824467,0.45481446406226217,0.2536870032930541,3.2501046384438723,3.6112273760487468,5.874138385618951
2026-04-25,206.0,0.0,193.0,19.41,1711.5399999999995,0.4942749214356934,0.9145370685346851,0.915042004932389,1297.1647593167202,1307.5775988161017,0.4632096427081748,0.2536912941844657,3.2907940656153967,3.656437850683774,6.056825523608196
2026-04-26,207.0,0.0,194.0,19.97,1731.5099999999995,0.4942749214356934,0.9093805585177822,0.9098275978696796,1312.6689582240206,1323.4401029468809,0.4716048213540874,0.2536709151691005,3.3298593594675703,3.6998437327417446,6.241407333230987
2026-04-27,208.0,0.0,195.0,20.58,1752.0899999999995,0.4942749214356934,0.9038304519120633,0.9042121068993592,1326.6990540775544,1339.123273878588,0.48,0.25362796761169104,3.364879847180431,3.738755385756034,6.427791714617221
2026-04-28,209.0,0.0,196.0,19.25,1771.3399999999995,0.4942749214356934,0.8978567054762236,0.8981646812844196,1339.8679498709114,1354.616095642773,0.48,0.25362796761169104,3.398279849938024,3.7758664999311375,6.50215725908531
2026-04-29,210.0,0.0,197.0,18.18,1789.5199999999995,0.4942749214356934,0.8914269827673056,0.8916520972981722,1351.738676549544,1369.906815691596,0.48,0.25362796761169104,3.4283873327537786,3.8093192586153095,6.5755527153196605
2026-04-30,211.0,0.0,198.0,19.384999999999998,1808.9049999999995,0.4942749214356934,0.8845064791005365,0.8846385756976504,1362.239100356252,1384.9829039161446,0.48,0.25362796761169104,3.455019344245346,3.838910382494829,6.647917938797494
2026-05-01,212.0,0.0,199.0,18.39,1827.2949999999996,0.4942749214356934,0.8770577331483455,0.877085585157358,1371.3792525294273,1399.8310108877342,0.48,0.25362796761169104,3.4782013264387865,3.8646681404875407,6.719188852261124
2026-05-02,213.0,0.0,200.0,20.134999999999998,1847.4299999999996,0.4942749214356934,0.8690404241587261,0.8690404241587261,1379.6352806847774,1414.439334677604,0.48,0.25362796761169104,3.4991409228546497,3.8879343587273887,6.789308806452499
2026-05-03,214.0,0.0,201.0,19.855,1867.2849999999996,0.4942749214356934,0.8604111536952697,0.8604111536952697,1388.1206241913108,1428.7938470528409,0.48,0.25362796761169104,3.520662127135141,3.911846807927934,6.858210465853636
2026-05-04,215.0,0.0,202.0,19.89,1887.1749999999997,0.4942749214356934,0.8511232107174083,0.8511232107174083,1397.0923875714607,1442.8788400390067,0.48,0.25362796761169104,3.5434170282551456,3.9371300313946063,6.925818432187232
2026-05-05,216.0,0.0,203.0,20.12,1907.2949999999996,0.4942749214356934,0.8411263187292236,0.8411263187292236,1405.0931330703816,1456.677647315162,0.48,0.25362796761169104,3.563709156457842,3.9596768405087133,6.992052707112777
2026-05-06,217.0,0.0,204.0,20.31,1927.6049999999996,0.4942749214356934,0.8303663636281167,0.8303663636281167,1412.0475011000576,1470.1726072215781,0.48,0.25362796761169104,3.5813473787517465,3.9792748652797183,7.056828514663574
2026-05-07,218.0,0.0,205.0,20.52,1948.1249999999995,0.4942749214356934,0.8187851007801563,0.8187851007801563,1418.1754187085437,1483.3450290916173,0.48,0.25362796761169104,3.596889491639069,3.9965438795989656,7.120056139639763
2026-05-08,219.0,0.0,206.0,20.23,1968.3549999999996,0.4942749214356934,0.8063198397364785,0.8063198397364785,1424.1094069607411,1496.1751644321755,0.48,0.25362796761169104,3.611939745441434,4.013266383823815,7.181640789274442
2026-05-09,220.0,0.0,207.0,19.265,1987.6199999999997,0.4942749214356934,0.792903104884079,0.792903104884079,1430.7364175787884,1508.6421849243243,0.48,0.25362796761169104,3.628747697785398,4.03194188642822,7.241482487636756
2026-05-10,221.0,0.0,208.0,20.565,2008.1849999999997,0.4942749214356934,0.7784622701940676,0.7784622701940676,1436.5487226688351,1520.7241697999025,0.48,0.25362796761169104,3.6434893290566746,4.0483214767296385,7.299476015039532
2026-05-11,222.0,0.0,209.0,20.740000000000002,2028.9249999999997,0.4942749214356934,0.7629191660902443,0.7629191660902443,1441.7509763536134,1532.3981059161085,0.48,0.25362796761169104,3.656683699347382,4.062981888163757,7.355510908397321
2026-05-12,223.0,0.0,210.0,20.1,2049.0249999999996,0.4942749214356934,0.7461896563099413,0.7461896563099413,1446.3332891541563,1543.639904859571,0.48,0.25362796761169104,3.6683057261730094,4.0758952513033435,7.409471543325941
2026-05-13,224.0,0.0,211.0,21.305,2070.3299999999995,0.4942749214356934,0.7281831824666366,0.7281831824666366,1450.6011379345048,1554.4244427460008,0.48,0.25362796761169104,3.679130184295347,4.08792242699483,7.461237325180804
2026-05-14,225.0,0.0,212.0,21.91,2092.2399999999993,0.4942749214356934,0.7088022738490175,0.7088022738490175,1454.3936276336358,1564.725630151943,0.48,0.25362796761169104,3.6887489988411364,4.098609998712374,7.510683024729326
2026-05-15,226.0,0.0,213.0,21.57,2113.8099999999995,0.4942749214356934,0.6879420198029891,0.6879420198029891,1458.3441908828659,1574.5165219704477,0.48,0.25362796761169104,3.698768732119373,4.109743035688192,7.557679305458149
2026-05-16,227.0,0.0,214.0,20.509999999999998,2134.3199999999997,0.4942749214356934,0.6654895018405828,0.6654895018405828,1462.9056021792392,1583.7694801237196,0.48,0.25362796761169104,3.7103377468847745,4.1225974965386385,7.602093504593854
2026-05-17,228.0,0.0,215.0,21.43,2155.7499999999995,0.4942749214356934,0.6413231824017193,0.6413231824017193,1466.250430654567,1592.4564062641782,0.48,0.25362796761169104,3.718821167366846,4.132023519296495,7.643790750068055
2026-05-18,0.0,0.0,0.0,0.0,0.0,0.0,0.0,0.0,0.0,0.0,0.0,0.0,0.0,0.0,0.0
2026-05-19,0.0,0.0,0.0,0.0,0.0,0.0,0.0,0.0,0.0,0.0,0.0,0.0,0.0,0.0,0.0
2026-05-20,0.0,0.0,0.0,0.0,0.0,0.0,0.0,0.0,0.0,0.0,0.0,0.0,0.0,0.0,0.0
2026-05-21,0.0,0.0,0.0,0.0,0.0,0.0,0.0,0.0,0.0,0.0,0.0,0.0,0.0,0.0,0.0
2026-05-22,0.0,0.0,0.0,0.0,0.0,0.0,0.0,0.0,0.0,0.0,0.0,0.0,0.0,0.0,0.0
2026-05-23,0.0,0.0,0.0,0.0,0.0,0.0,0.0,0.0,0.0,0.0,0.0,0.0,0.0,0.0,0.0
2026-05-24,0.0,0.0,0.0,0.0,0.0,0.0,0.0,0.0,0.0,0.0,0.0,0.0,0.0,0.0,0.0
2026-05-25,0.0,0.0,0.0,0.0,0.0,0.0,0.0,0.0,0.0,0.0,0.0,0.0,0.0,0.0,0.0
2026-05-26,0.0,0.0,0.0,0.0,0.0,0.0,0.0,0.0,0.0,0.0,0.0,0.0,0.0,0.0,0.0
2026-05-27,0.0,0.0,0.0,0.0,0.0,0.0,0.0,0.0,0.0,0.0,0.0,0.0,0.0,0.0,0.0
2026-05-28,0.0,0.0,0.0,0.0,0.0,0.0,0.0,0.0,0.0,0.0,0.0,0.0,0.0,0.0,0.0
2026-05-29,0.0,0.0,0.0,0.0,0.0,0.0,0.0,0.0,0.0,0.0,0.0,0.0,0.0,0.0,0.0
2026-05-30,0.0,0.0,0.0,0.0,0.0,0.0,0.0,0.0,0.0,0.0,0.0,0.0,0.0,0.0,0.0
2026-05-31,0.0,0.0,0.0,0.0,0.0,0.0,0.0,0.0,0.0,0.0,0.0,0.0,0.0,0.0,0.0
2026-06-01,0.0,0.0,0.0,0.0,0.0,0.0,0.0,0.0,0.0,0.0,0.0,0.0,0.0,0.0,0.0
