Year-DOY,Year,DOY,DOW,Date,ETref,Kcm,ETcm,tKcb,Kcb,ETcb,h,Kcmax,ETmax,fc,fw,few,De,Kr,Ke,E,DPe,Kc,ETc,TAW,TAWrmax,TAWb,Zr,p,RAW,Ks,Ka,ETa,T,DP,Dinc,Dr,fDr,Drmax,fDrmax,Db,fDb,Irrig,IrrLoss,Rain,Runoff
10/02/24,3.18,214,1.113,0.15,0.15,0.477,0.01,1.215,3.865,0.0,1.0,1.0,27.7,0.0,0.0,0.0,0.0,0.15,0.477,45.4,-99.999,-99.999,0.2,73.1,33.184,1.0,0.15,0.477,47.699999999999996,0.0,-99.999,1.086,0.024,-99.999,-99.999,20.0,-99.999,0.0,0.0,0.0,0.0,0,276,0.0,
10/03/24,3.03,215,1.06,0.15,0.15,0.454,0.01,1.211,3.67,0.0,1.0,1.0,27.7,0.0,0.0,0.0,0.0,0.15,0.454,45.4,-99.999,-99.999,0.2,73.2,33.225,1.0,0.15,0.454,45.4,0.0,-99.999,1.54,0.034,-99.999,-99.999,20.24793388429752,-99.999,0.0,0.0,0.0,0.0,0,277,0.0,
10/04/24,2.92,216,1.022,0.15,0.15,0.438,0.01,1.211,3.536,0.0,1.0,1.0,27.7,0.0,0.0,0.0,0.0,0.15,0.438,45.4,-99.999,-99.999,0.2,73.2,33.255,1.0,0.15,0.438,43.8,0.0,-99.999,1.978,0.044,-99.999,-99.999,20.49586776859504,-99.999,0.0,0.0,0.0,0.0,0,278,0.0,
10/05/24,1.63,217,0.57,0.15,0.15,0.244,0.01,1.194,1.947,0.0,1.0,1.0,27.7,0.0,0.0,0.0,0.0,0.15,0.244,45.4,-99.999,-99.999,0.2,74.0,33.606,1.0,0.15,0.244,24.4,0.0,-99.999,2.223,0.049,-99.999,-99.999,20.74380165289256,-99.999,0.0,0.0,0.0,0.0,0,279,0.0,
10/06/24,2.48,218,0.868,0.15,0.15,0.372,0.01,1.207,2.994,0.0,1.0,1.0,27.7,0.0,0.0,0.0,0.0,0.15,0.372,45.4,-99.999,-99.999,0.2,73.5,33.374,1.0,0.15,0.372,37.2,0.0,-99.999,2.595,0.057,-99.999,-99.999,20.99173553719008,-99.999,0.0,0.0,0.0,0.0,0,280,0.0,
10/07/24,1.95,219,0.682,0.15,0.15,0.292,0.01,1.189,2.319,0.0,1.0,1.0,27.7,0.0,0.0,0.0,0.0,0.15,0.292,45.4,-99.999,-99.999,0.2,73.8,33.519,1.0,0.15,0.292,29.2,0.0,-99.999,2.887,0.064,-99.999,-99.999,21.239669421487605,-99.999,0.0,0.0,0.0,0.0,0,281,0.0,
10/08/24,2.14,220,0.749,0.15,0.15,0.321,0.01,1.188,2.543,0.0,1.0,1.0,27.7,0.0,0.0,0.0,0.0,0.15,0.321,45.4,-99.999,-99.999,0.2,73.7,33.467,1.0,0.15,0.321,32.1,0.0,-99.999,3.208,0.071,-99.999,-99.999,21.487603305785125,-99.999,0.0,0.0,0.0,0.0,0,282,0.0,
10/09/24,3.06,221,1.071,0.15,0.15,0.459,0.01,1.21,3.704,0.0,1.0,1.0,27.69,0.0,0.0,0.0,0.0,0.15,0.459,45.4,-99.999,-99.999,0.2,73.2,33.216,1.0,0.15,0.459,45.9,0.0,-99.999,3.658,0.081,-99.999,-99.999,21.735537190082646,-99.999,0.0,0.0,0.01,0.0,0,283,0.0,
10/10/24,3.53,222,1.235,0.15,0.15,0.529,0.01,1.212,4.277,0.0,1.0,1.0,27.692,0.001,0.001,0.002,0.0,0.151,0.532,45.4,-99.999,-99.999,0.2,72.89999999999999,33.085,1.0,0.151,0.532,52.900000000000006,0.0,-99.999,4.189,0.092,-99.999,-99.999,21.983471074380166,-99.999,0.0,0.0,0.0,0.0,0,284,0.0,
10/11/24,2.4,223,0.84,0.15,0.15,0.36,0.01,1.197,2.873,0.0,1.0,1.0,27.693,0.0,0.0,0.001,0.0,0.15,0.361,45.4,-99.999,-99.999,0.2,73.6,33.394,1.0,0.15,0.361,36.0,0.0,-99.999,4.55,0.1,-99.999,-99.999,22.231404958677686,-99.999,0.0,0.0,0.0,0.0,0,285,9.103237864978158,
10/12/24,1.81,224,0.633,0.15,0.15,0.272,0.01,1.193,2.16,0.0,1.0,1.0,27.694,0.0,0.0,0.001,0.0,0.15,0.272,45.4,-99.999,-99.999,0.2,73.9,33.556,1.0,0.15,0.272,27.200000000000003,0.0,-99.999,4.822,0.106,-99.999,-99.999,22.479338842975206,-99.999,0.0,0.0,0.0,0.0,0,286,0.0,
10/13/24,2.58,225,0.903,0.15,0.15,0.387,0.01,1.202,3.1,0.0,1.0,1.0,27.695,0.0,0.0,0.001,0.0,0.15,0.388,45.4,-99.999,-99.999,0.2,73.4,33.346,1.0,0.15,0.388,38.7,0.0,-99.999,5.21,0.115,-99.999,-99.999,22.727272727272727,-99.999,0.0,0.0,0.0,0.0,0,287,16.92569939675336,
10/14/24,2.91,226,1.018,0.15,0.15,0.436,0.01,1.205,3.506,0.0,1.0,1.0,27.696,0.0,0.0,0.001,0.0,0.15,0.437,45.4,-99.999,-99.999,0.2,73.3,33.256,1.0,0.15,0.437,43.6,0.0,-99.999,5.648,0.124,-99.999,-99.999,22.975206611570247,-99.999,0.0,0.0,0.0,0.0,0,288,0.0,
10/15/24,3.01,227,1.053,0.15,0.15,0.451,0.01,1.201,3.616,0.0,1.0,1.0,27.696,0.0,0.0,0.001,0.0,0.15,0.452,45.4,-99.999,-99.999,0.2,73.2,33.229,1.0,0.15,0.452,45.1,0.0,-99.999,6.1,0.134,-99.999,-99.999,23.223140495867767,-99.999,0.0,0.0,0.0,0.0,0,289,0.0,
10/16/24,2.29,228,0.801,0.15,0.15,0.343,0.01,1.194,2.733,0.0,1.0,1.0,27.697,0.0,0.0,0.0,0.0,0.15,0.344,45.4,-99.999,-99.999,0.2,73.6,33.425,1.0,0.15,0.344,34.300000000000004,0.0,-99.999,6.444,0.142,-99.999,-99.999,23.47107438016529,-99.999,0.0,0.0,0.0,0.0,0,290,0.0,
10/17/24,1.49,229,0.521,0.15,0.15,0.224,0.01,1.193,1.777,0.0,1.0,1.0,24.007,0.0,0.0,0.0,0.0,0.15,0.224,45.4,-99.999,-99.999,0.2,74.1,33.644,1.0,0.15,0.224,22.400000000000002,0.0,-99.999,2.978,0.066,-99.999,-99.999,23.71900826446281,-99.999,0.0,0.0,3.69,0.0,0,291,0.0,
10/18/24,1.79,230,0.626,0.15,0.15,0.269,0.01,1.181,2.115,0.0,1.0,1.0,0.365,0.197,0.204,0.365,11.573,0.354,0.633,45.4,-99.999,-99.999,0.2,72.5,32.9,1.0,0.354,0.633,26.900000000000002,1.0,-99.999,0.0,0.0,-99.999,-99.999,23.96694214876033,-99.999,0.0,0.0,35.58,0.0,0,292,0.0,
10/19/24,2.82,231,0.987,0.15,0.15,0.423,0.01,1.223,3.449,0.0,1.0,1.0,3.026,1.0,1.073,3.026,0.245,1.223,3.449,45.4,-99.999,-99.999,0.2,61.199999999999996,27.786,1.0,1.223,3.449,42.3,0.0,-99.999,2.839,0.063,-99.999,-99.999,24.214876033057852,-99.999,0.0,0.0,0.61,0.0,0,293,0.0,
10/20/24,1.41,232,0.493,0.15,0.15,0.211,0.01,1.202,1.695,0.0,1.0,1.0,3.659,1.0,1.052,1.483,0.0,1.202,1.695,45.4,-99.999,-99.999,0.2,68.2,30.973,1.0,1.202,1.695,21.099999999999998,0.0,-99.999,3.684,0.081,-99.999,-99.999,24.462809917355372,-99.999,0.0,0.0,0.85,0.0,0,294,0.0,
10/21/24,1.11,233,0.389,0.15,0.15,0.167,0.01,1.183,1.313,0.0,1.0,1.0,4.796,1.0,1.033,1.146,0.0,1.183,1.313,45.4,-99.999,-99.999,0.2,69.69999999999999,31.666,1.0,1.183,1.313,16.7,0.0,-99.999,4.987,0.11,-99.999,-99.999,24.710743801652892,-99.999,0.0,0.0,0.01,0.0,0,295,0.0,
10/22/24,3.27,234,1.197,0.169,0.169,0.553,0.03,1.23,4.021,0.017,1.0,0.983,8.323,1.0,1.061,3.469,0.0,1.23,4.021,52.21,-99.999,-99.999,0.23,58.9,30.759,1.0,1.23,4.021,55.300000000000004,0.0,-99.999,9.008,0.173,-99.999,-99.999,24.958677685950413,-99.999,0.0,0.0,0.0,0.0,0,296,0.0,
10/23/24,2.14,235,0.817,0.188,0.188,0.402,0.05,1.206,2.58,0.033,1.0,0.967,10.575,1.0,1.018,2.178,0.0,1.206,2.58,59.02,-99.999,-99.999,0.26,64.7,38.174,1.0,1.206,2.58,40.2,0.0,-99.999,10.0,0.196,-99.999,-99.999,25.206611570247933,-99.999,0.0,0.0,0.0,0.0,0,297,0.0,
10/24/24,2.58,236,1.027,0.207,0.207,0.534,0.069,1.21,3.121,0.049,1.0,0.951,13.065,0.916,0.918,2.369,0.0,1.125,2.903,65.83,-99.999,-99.999,0.29,63.4,41.729,1.0,1.125,2.903,53.400000000000006,0.0,-99.999,10.0,0.22,-99.999,-99.999,25.454545454545453,-99.999,0.0,0.0,0.0,0.0,0,298,0.0,
10/25/24,2.6,237,1.076,0.226,0.226,0.588,0.089,1.213,3.153,0.064,1.0,0.936,15.209,0.783,0.772,2.008,0.0,0.998,2.595,72.64,-99.999,-99.999,0.32,64.60000000000001,46.939,1.0,0.998,2.595,58.8,0.0,-99.999,10.0,0.235,-99.999,-99.999,25.702479338842977,-99.999,0.0,0.0,0.0,0.0,0,299,0.0,
10/26/24,1.76,238,0.757,0.245,0.245,0.431,0.109,1.188,2.091,0.08,1.0,0.92,16.415,0.668,0.63,1.109,0.0,0.875,1.54,79.45,-99.999,-99.999,0.35,68.8,54.693,1.0,0.875,1.54,43.1,0.0,-99.999,10.0,0.234,-99.999,-99.999,25.950413223140494,-99.999,0.0,0.0,0.0,0.0,0,300,0.0,
10/27/24,2.21,239,0.986,0.264,0.264,0.583,0.129,1.198,2.647,0.094,1.0,0.906,17.79,0.603,0.563,1.245,0.0,0.827,1.829,86.26,-99.999,-99.999,0.38,67.7,58.386,1.0,0.827,1.829,58.3,0.0,-99.999,10.0,0.237,-99.999,-99.999,26.198347107438018,-99.999,0.0,0.0,0.0,0.0,0,301,0.0,
10/28/24,1.58,240,0.73,0.283,0.283,0.447,0.149,1.175,1.856,0.112,1.0,0.888,18.63,0.53,0.473,0.747,0.0,0.756,1.194,93.07,-99.999,-99.999,0.41,70.19999999999999,65.358,1.0,0.756,1.194,44.7,0.0,-99.999,10.0,0.233,-99.999,-99.999,26.446280991735538,-99.999,0.0,0.0,0.0,0.0,0,302,0.0,
10/29/24,2.05,241,0.98,0.302,0.302,0.619,0.168,1.192,2.443,0.124,1.0,0.876,19.64,0.485,0.432,0.885,0.0,0.734,1.504,99.88,-99.999,-99.999,0.44,69.0,68.901,1.0,0.734,1.504,61.9,0.0,-99.999,10.0,0.232,-99.999,-99.999,26.694214876033058,-99.999,0.0,0.0,0.0,0.0,0,303,0.0,
10/30/24,1.71,242,0.845,0.321,0.321,0.549,0.188,1.193,2.04,0.138,1.0,0.862,20.166,0.431,0.376,0.643,0.0,0.697,1.192,106.69,-99.999,-99.999,0.47,70.19999999999999,74.932,1.0,0.697,1.192,54.900000000000006,0.0,-99.999,10.0,0.226,-99.999,-99.999,26.94214876033058,-99.999,0.0,0.0,0.22,0.0,0,304,0.0,
10/31/24,0.92,243,0.469,0.34,0.34,0.313,0.208,1.133,1.043,0.163,1.0,0.837,19.697,0.403,0.32,0.294,0.0,0.66,0.607,113.5,-99.999,-99.999,0.5,72.6,82.37,1.0,0.66,0.607,31.3,0.0,-99.999,10.0,0.211,-99.999,-99.999,27.1900826446281,-99.999,0.0,0.0,0.82,0.0,0,305,0.0,
11/01/24,1.75,244,0.921,0.359,0.359,0.628,0.228,1.193,2.087,0.167,1.0,0.833,20.407,0.428,0.357,0.624,0.0,0.716,1.252,120.31,-99.999,-99.999,0.53,70.0,84.205,1.0,0.716,1.252,62.8,0.0,-99.999,10.0,0.209,-99.999,-99.999,27.43801652892562,-99.999,0.0,0.0,0.04,0.0,0,306,0.0,
11/02/24,2.16,245,1.171,0.378,0.378,0.816,0.248,1.201,2.593,0.18,1.0,0.82,21.252,0.39,0.321,0.693,0.0,0.699,1.51,127.12,-99.999,-99.999,0.56,69.0,87.664,1.0,0.699,1.51,81.6,0.0,-99.999,10.0,0.21,-99.999,-99.999,27.68595041322314,-99.999,0.0,0.0,0.0,0.0,0,307,0.0,
11/03/24,2.39,246,1.334,0.397,0.397,0.949,0.267,1.212,2.896,0.191,1.0,0.809,22.082,0.345,0.281,0.672,0.0,0.678,1.62,133.93,-99.999,-99.999,0.59,68.5,91.767,1.0,0.678,1.62,94.89999999999999,0.0,-99.999,10.0,0.211,-99.999,-99.999,27.933884297520663,-99.999,0.0,0.0,0.0,0.0,0,308,0.0,
11/04/24,2.72,247,1.561,0.416,0.416,1.132,0.287,1.251,3.403,0.197,1.0,0.803,22.932,0.3,0.251,0.682,0.0,0.667,1.814,140.74,-99.999,-99.999,0.62,67.7,95.344,1.0,0.667,1.814,113.19999999999999,0.0,-99.999,10.0,0.214,-99.999,-99.999,28.18181818181818,-99.999,0.0,0.0,0.0,0.0,0,309,0.0,
11/05/24,1.83,248,1.08,0.435,0.435,0.796,0.307,1.227,2.246,0.216,1.0,0.784,23.403,0.255,0.202,0.37,0.0,0.637,1.166,147.55,-99.999,-99.999,0.65,70.3,103.782,1.0,0.637,1.166,79.60000000000001,0.0,-99.999,10.0,0.212,-99.999,-99.999,28.429752066115704,-99.999,0.0,0.0,0.0,0.0,0,310,0.0,
11/06/24,1.87,249,1.133,0.454,0.454,0.849,0.327,1.211,2.265,0.234,1.0,0.766,23.748,0.23,0.174,0.325,0.0,0.628,1.174,154.36,-99.999,-99.999,0.68,70.3,108.519,1.0,0.628,1.174,84.89999999999999,0.0,-99.999,10.0,0.209,-99.999,-99.999,28.677685950413224,-99.999,0.0,0.0,0.08,0.0,0,311,0.0,
11/07/24,1.76,250,1.095,0.473,0.473,0.832,0.347,1.191,2.097,0.253,1.0,0.747,24.106,0.211,0.152,0.267,0.0,0.625,1.1,161.17,-99.999,-99.999,0.71,70.6,113.788,1.0,0.625,1.1,83.2,0.0,-99.999,10.0,0.207,-99.999,-99.999,28.925619834710744,-99.999,0.0,0.0,0.0,0.0,0,312,0.0,
11/08/24,2.71,251,1.729,0.492,0.492,1.333,0.366,1.219,3.303,0.26,1.0,0.74,24.617,0.192,0.14,0.379,0.0,0.632,1.712,167.98,-99.999,-99.999,0.74,68.2,114.483,1.0,0.632,1.712,133.29999999999998,0.0,-99.999,10.0,0.209,-99.999,-99.999,29.173553719008265,-99.999,0.0,0.0,0.0,0.0,0,313,0.0,
11/09/24,1.84,252,1.203,0.511,0.511,0.94,0.386,1.189,2.187,0.283,1.0,0.717,24.884,0.165,0.112,0.206,0.0,0.623,1.146,174.79,-99.999,-99.999,0.77,70.39999999999999,123.082,1.0,0.623,1.146,94.0,0.0,-99.999,10.0,0.207,-99.999,-99.999,29.421487603305785,-99.999,0.0,0.0,0.02,0.0,0,314,0.0,
11/10/24,1.91,253,1.28,0.53,0.53,1.012,0.406,1.19,2.274,0.298,1.0,0.702,25.154,0.151,0.099,0.19,0.0,0.629,1.202,181.6,-99.999,-99.999,0.8,70.19999999999999,127.467,1.0,0.629,1.202,101.2,0.0,-99.999,10.0,0.206,-99.999,-99.999,29.66942148760331,-99.999,0.0,0.0,0.0,0.0,0,315,0.0,
11/11/24,0.95,254,0.652,0.549,0.549,0.522,0.426,1.132,1.075,0.336,1.0,0.664,25.268,0.136,0.079,0.075,0.0,0.628,0.597,188.41,-99.999,-99.999,0.83,72.6,136.809,1.0,0.628,0.597,52.2,0.0,-99.999,10.0,0.202,-99.999,-99.999,29.917355371900825,-99.999,0.0,0.0,0.0,0.0,0,316,0.0,
11/12/24,0.83,255,0.583,0.568,0.568,0.471,0.446,1.128,0.937,0.353,1.0,0.647,22.581,0.13,0.073,0.061,0.0,0.641,0.532,195.22,-99.999,-99.999,0.86,72.89999999999999,142.261,1.0,0.641,0.532,47.099999999999994,0.0,-99.999,10.0,0.183,-99.999,-99.999,30.16528925619835,-99.999,0.0,0.0,2.78,0.0,0,317,16.219141471425985,
11/13/24,0.5,256,0.359,0.587,0.587,0.294,0.465,1.129,0.565,0.37,1.0,0.63,17.529,0.274,0.148,0.074,0.0,0.735,0.368,202.03,-99.999,-99.999,0.89,73.5,148.551,1.0,0.735,0.368,29.4,0.0,-99.999,10.0,0.154,-99.999,-99.999,30.413223140495866,-99.999,0.0,0.0,5.17,0.0,0,318,0.0,
11/14/24,1.28,257,0.94,0.606,0.606,0.776,0.485,1.131,1.447,0.386,1.0,0.614,11.334,0.544,0.285,0.365,0.0,0.891,1.141,208.84,-99.999,-99.999,0.92,70.39999999999999,147.099,1.0,0.891,1.141,77.60000000000001,0.0,-99.999,10.0,0.121,-99.999,-99.999,30.66115702479339,-99.999,0.0,0.0,6.79,0.0,0,319,0.0,
11/15/24,0.58,258,0.435,0.625,0.625,0.363,0.505,1.105,0.641,0.417,1.0,0.583,11.752,0.875,0.42,0.244,0.0,1.045,0.606,215.65,-99.999,-99.999,0.95,72.6,156.507,1.0,1.045,0.606,36.3,0.0,-99.999,10.0,0.12,-99.999,-99.999,30.90909090909091,-99.999,0.0,0.0,0.0,0.0,0,320,0.0,
11/16/24,1.13,259,0.866,0.644,0.644,0.728,0.525,1.186,1.34,0.393,1.0,0.607,12.222,0.853,0.462,0.522,0.0,1.106,1.25,222.46,-99.999,-99.999,0.98,70.0,155.724,1.0,1.106,1.25,72.8,0.0,-99.999,10.0,0.121,-99.999,-99.999,31.15702479338843,-99.999,0.0,0.0,0.39,0.0,0,321,19.209217922820983,
11/17/24,1.54,260,1.204,0.663,0.663,1.021,0.545,1.198,1.845,0.403,1.0,0.597,13.204,0.828,0.443,0.682,0.0,1.106,1.703,229.27,-99.999,-99.999,1.01,68.2,156.336,1.0,1.106,1.703,102.1,0.0,-99.999,10.0,0.124,-99.999,-99.999,31.40495867768595,-99.999,0.0,0.0,0.16,0.0,0,322,0.0,
11/18/24,1.17,261,0.934,0.682,0.682,0.798,0.564,1.19,1.392,0.423,1.0,0.577,12.743,0.775,0.394,0.461,0.0,1.076,1.258,236.08,-99.999,-99.999,1.04,70.0,165.176,1.0,1.076,1.258,79.80000000000001,0.0,-99.999,10.0,0.12,-99.999,-99.999,31.65289256198347,-99.999,0.0,0.0,1.26,0.0,0,323,0.0,
11/19/24,1.07,262,0.871,0.701,0.701,0.75,0.584,1.148,1.229,0.464,1.0,0.536,13.307,0.8,0.358,0.383,0.0,1.059,1.133,242.89,-99.999,-99.999,1.07,70.5,171.161,1.0,1.059,1.133,75.0,0.0,-99.999,10.0,0.121,-99.999,-99.999,31.90082644628099,-99.999,0.0,0.0,0.15,0.0,0,324,0.0,
11/20/24,1.74,263,1.444,0.72,0.72,1.253,0.604,1.209,2.104,0.446,1.0,0.554,14.49,0.77,0.377,0.655,0.0,1.097,1.908,249.7,-99.999,-99.999,1.1,67.4,168.218,1.0,1.097,1.908,125.29999999999998,0.0,-99.999,10.0,0.125,-99.999,-99.999,32.14876033057851,-99.999,0.0,0.0,0.0,0.0,0,325,0.0,
11/21/24,2.01,264,1.7,0.739,0.739,1.485,0.624,1.231,2.475,0.451,1.0,0.549,15.762,0.706,0.348,0.699,0.0,1.087,2.184,256.51,-99.999,-99.999,1.13,66.3,169.973,1.0,1.087,2.184,148.5,0.0,-99.999,10.0,0.13,-99.999,-99.999,32.396694214876035,-99.999,0.0,0.0,0.0,0.0,0,326,0.0,
11/22/24,1.32,265,1.138,0.758,0.758,1.001,0.644,1.186,1.566,0.494,1.0,0.506,16.476,0.638,0.273,0.361,0.0,1.031,1.361,263.32,-99.999,-99.999,1.16,69.6,183.153,1.0,1.031,1.361,100.1,0.0,-99.999,10.0,0.132,-99.999,-99.999,32.64462809917355,-99.999,0.0,0.0,0.0,0.0,0,327,0.0,
11/23/24,1.29,266,1.133,0.777,0.777,1.002,0.663,1.174,1.514,0.521,1.0,0.479,16.926,0.6,0.238,0.307,0.0,1.015,1.309,270.13,-99.999,-99.999,1.19,69.8,188.449,1.0,1.015,1.309,100.2,0.0,-99.999,10.0,0.133,-99.999,-99.999,32.892561983471076,-99.999,0.0,0.0,0.19,0.0,0,328,0.0,
11/24/24,0.81,267,0.724,0.796,0.796,0.645,0.683,1.117,0.904,0.582,1.0,0.418,16.405,0.576,0.185,0.15,0.0,0.981,0.794,276.94,-99.999,-99.999,1.22,71.8,198.905,1.0,0.981,0.794,64.5,0.0,-99.999,10.0,0.129,-99.999,-99.999,33.14049586776859,-99.999,0.0,0.0,0.88,0.0,0,329,0.0,
11/25/24,2.44,268,2.22,0.815,0.815,1.989,0.703,1.303,3.178,0.476,1.0,0.524,14.235,0.604,0.295,0.719,0.0,1.11,2.707,283.75,-99.999,-99.999,1.25,64.2,182.085,1.0,1.11,2.707,198.9,0.0,-99.999,10.0,0.123,-99.999,-99.999,33.388429752066116,-99.999,0.0,0.0,3.54,0.0,0,330,0.0,
11/26/24,2.82,269,2.611,0.834,0.834,2.352,0.723,1.309,3.691,0.488,1.0,0.512,16.118,0.72,0.342,0.965,0.0,1.176,3.316,290.56,-99.999,-99.999,1.28,61.7,179.375,1.0,1.176,3.316,235.2,0.0,-99.999,10.0,0.132,-99.999,-99.999,33.63636363636364,-99.999,0.0,0.0,0.0,0.0,0,331,0.0,
11/27/24,3.82,270,3.598,0.853,0.853,3.258,0.743,1.349,5.155,0.481,1.0,0.519,18.38,0.619,0.308,1.175,0.0,1.161,4.433,297.37,-99.999,-99.999,1.31,57.3,170.296,1.0,1.161,4.433,325.8,0.0,-99.999,10.0,0.144,-99.999,-99.999,33.88429752066116,-99.999,0.0,0.0,0.0,0.0,0,332,0.0,
11/28/24,4.16,271,3.985,0.872,0.872,3.628,0.762,1.339,5.57,0.502,1.0,0.498,20.324,0.498,0.233,0.968,0.0,1.105,4.596,304.18,-99.999,-99.999,1.34,56.599999999999994,172.217,1.0,1.105,4.596,362.8,0.0,-99.999,10.0,0.156,-99.999,-99.999,34.132231404958674,-99.999,0.0,0.0,0.0,0.0,0,333,0.0,
11/29/24,3.62,272,3.526,0.891,0.891,3.225,0.782,1.302,4.715,0.541,1.0,0.459,21.604,0.394,0.162,0.587,0.0,1.053,3.813,310.99,-99.999,-99.999,1.37,59.699999999999996,185.813,1.0,1.053,3.813,322.5,0.0,-99.999,10.0,0.165,-99.999,-99.999,34.3801652892562,-99.999,0.0,0.0,0.0,0.0,0,334,0.0,
11/30/24,2.75,273,2.723,0.91,0.91,2.503,0.802,1.267,3.484,0.583,1.0,0.417,22.372,0.326,0.116,0.32,0.0,1.026,2.823,317.8,-99.999,-99.999,1.4,63.7,202.469,1.0,1.026,2.823,250.3,0.0,-99.999,10.0,0.17,-99.999,-99.999,34.62809917355372,-99.999,0.0,0.0,0.0,0.0,0,335,0.0,
12/01/24,2.85,274,2.867,0.929,0.929,2.648,0.822,1.281,3.65,0.591,1.0,0.409,23.07,0.285,0.1,0.286,0.0,1.029,2.933,324.61,-99.999,-99.999,1.43,63.3,205.372,1.0,1.029,2.933,264.8,0.0,-99.999,10.0,0.175,-99.999,-99.999,34.87603305785124,-99.999,0.0,0.0,0.0,0.0,0,336,0.0,
12/02/24,2.0,275,2.044,0.948,0.948,1.896,0.842,1.249,2.498,0.635,1.0,0.365,23.478,0.248,0.075,0.149,0.0,1.023,2.045,331.42,-99.999,-99.999,1.46,66.8,221.454,1.0,1.023,2.045,189.6,0.0,-99.999,10.0,0.178,-99.999,-99.999,35.12396694214876,-99.999,0.0,0.0,0.0,0.0,0,337,0.0,
12/03/24,1.39,276,1.443,0.967,0.967,1.344,0.861,1.208,1.679,0.691,1.0,0.309,23.723,0.226,0.054,0.076,0.0,1.021,1.42,338.23,-99.999,-99.999,1.49,69.3,234.465,1.0,1.021,1.42,134.4,0.0,-99.999,10.0,0.179,-99.999,-99.999,35.37190082644628,-99.999,0.0,0.0,0.0,0.0,0,338,0.0,
12/04/24,0.94,277,0.991,0.986,0.986,0.927,0.881,1.141,1.073,0.782,1.0,0.218,23.865,0.213,0.033,0.031,0.0,1.019,0.958,345.04,-99.999,-99.999,1.52,71.2,245.56,1.0,1.019,0.958,92.7,0.0,-99.999,10.0,0.178,-99.999,-99.999,35.6198347107438,-99.999,0.0,0.0,0.0,0.0,0,339,0.0,
12/05/24,1.94,278,2.076,1.005,1.005,1.95,0.901,1.247,2.42,0.696,1.0,0.304,24.183,0.205,0.05,0.096,0.0,1.055,2.046,351.85,-99.999,-99.999,1.55,66.8,235.091,1.0,1.055,2.046,195.0,0.0,-99.999,10.0,0.18,-99.999,-99.999,35.867768595041326,-99.999,0.0,0.0,0.0,0.0,0,340,0.0,
12/06/24,1.95,279,2.118,1.024,1.024,1.997,0.921,1.256,2.448,0.709,1.0,0.291,24.475,0.188,0.044,0.085,0.0,1.068,2.082,358.66,-99.999,-99.999,1.58,66.7,239.129,1.0,1.068,2.082,199.70000000000002,0.0,-99.999,10.0,0.183,-99.999,-99.999,36.11570247933884,-99.999,0.0,0.0,0.0,0.0,0,341,17.668229684687027,
12/07/24,1.69,280,1.862,1.043,1.043,1.763,0.941,1.252,2.116,0.734,1.0,0.266,24.704,0.172,0.036,0.061,0.0,1.079,1.824,365.47,-99.999,-99.999,1.61,67.7,247.443,1.0,1.079,1.824,176.29999999999998,0.0,-99.999,10.0,0.184,-99.999,-99.999,36.36363636363636,-99.999,0.0,0.0,0.0,0.0,0,342,0.0,
12/08/24,1.31,281,1.465,1.062,1.062,1.391,0.96,1.228,1.609,0.78,1.0,0.22,24.863,0.16,0.027,0.035,0.0,1.089,1.426,372.28,-99.999,-99.999,1.64,69.3,257.973,1.0,1.089,1.426,139.1,0.0,-99.999,10.0,0.185,-99.999,-99.999,36.611570247933884,-99.999,0.0,0.0,0.0,0.0,0,343,0.0,
12/09/24,1.09,282,1.236,1.081,1.081,1.178,0.98,1.2,1.308,0.836,1.0,0.164,24.983,0.152,0.018,0.02,0.0,1.099,1.198,379.09,-99.999,-99.999,1.67,70.19999999999999,266.153,1.0,1.099,1.198,117.8,0.0,-99.999,10.0,0.184,-99.999,-99.999,36.85950413223141,-99.999,0.0,0.0,0.0,0.0,0,344,0.0,
12/10/24,0.95,283,1.093,1.1,1.1,1.045,1.0,1.181,1.122,0.884,1.0,0.116,25.08,0.145,0.012,0.011,0.0,1.112,1.056,385.9,-99.999,-99.999,1.7,70.8,273.121,1.0,1.112,1.056,104.5,0.0,-99.999,10.0,0.184,-99.999,-99.999,37.10743801652893,-99.999,0.0,0.0,0.0,0.0,0,345,0.0,
12/11/24,1.08,284,1.242,1.1,1.1,1.188,1.0,1.201,1.297,0.859,1.0,0.141,25.189,0.14,0.014,0.015,0.0,1.114,1.203,385.9,-99.999,-99.999,1.7,70.19999999999999,270.85,1.0,1.114,1.203,118.8,0.0,-99.999,10.0,0.187,-99.999,-99.999,37.35537190082645,-99.999,0.0,0.0,0.0,0.0,0,346,0.0,
12/12/24,1.09,285,1.254,1.1,1.1,1.199,1.0,1.198,1.305,0.863,1.0,0.137,25.293,0.134,0.013,0.014,0.0,1.113,1.213,385.9,-99.999,-99.999,1.7,70.1,270.697,1.0,1.113,1.213,119.9,0.0,-99.999,10.0,0.19,-99.999,-99.999,37.603305785123965,-99.999,0.0,0.0,0.0,0.0,0,347,0.0,
12/13/24,2.85,286,3.277,1.1,1.1,3.135,1.0,1.344,3.83,0.71,1.0,0.29,25.602,0.129,0.031,0.089,0.0,1.131,3.224,385.9,-99.999,-99.999,1.7,62.1,239.652,1.0,1.131,3.224,313.5,0.0,-99.999,10.0,0.199,-99.999,-99.999,37.85123966942149,-99.999,0.0,0.0,0.0,0.0,0,348,0.0,
12/14/24,2.51,287,2.886,1.1,1.1,2.761,1.0,1.311,3.29,0.74,1.0,0.26,25.83,0.112,0.024,0.059,0.0,1.124,2.82,385.9,-99.999,-99.999,1.7,63.7,245.89,1.0,1.124,2.82,276.1,0.0,-99.999,10.0,0.206,-99.999,-99.999,38.09917355371901,-99.999,0.0,0.0,0.0,0.0,0,349,0.0,
12/15/24,2.7,288,3.105,1.1,1.1,2.97,1.0,1.306,3.527,0.745,1.0,0.255,26.048,0.1,0.021,0.056,0.0,1.121,3.026,385.9,-99.999,-99.999,1.7,62.9,242.72,1.0,1.121,3.026,297.0,0.0,-99.999,10.0,0.214,-99.999,-99.999,38.34710743801653,-99.999,0.0,0.0,0.0,0.0,0,350,0.0,
12/16/24,2.09,289,2.403,1.1,1.1,2.299,1.0,1.274,2.662,0.777,1.0,0.223,26.192,0.088,0.015,0.032,0.0,1.115,2.331,385.9,-99.999,-99.999,1.7,65.7,253.443,1.0,1.115,2.331,229.9,0.0,-99.999,10.0,0.22,-99.999,-99.999,38.595041322314046,-99.999,0.0,0.0,0.0,0.0,0,351,0.0,
12/17/24,1.24,290,1.426,1.1,1.1,1.364,1.0,1.246,1.545,0.807,1.0,0.193,26.268,0.081,0.012,0.015,0.0,1.112,1.379,385.9,-99.999,-99.999,1.7,69.5,268.145,1.0,1.112,1.379,136.4,0.0,-99.999,10.0,0.223,-99.999,-99.999,38.84297520661157,-99.999,0.0,0.0,0.0,0.0,0,352,6.965325533283204,
12/18/24,1.23,291,1.414,1.1,1.1,1.353,1.0,1.238,1.522,0.816,1.0,0.184,26.339,0.077,0.011,0.013,0.0,1.111,1.366,385.9,-99.999,-99.999,1.7,69.5,268.34,1.0,1.111,1.366,135.3,0.0,-99.999,10.0,0.227,-99.999,-99.999,39.09090909090909,-99.999,0.0,0.0,0.0,0.0,0,353,17.250059426122455,
12/19/24,1.0,292,1.15,1.1,1.1,1.1,1.0,1.2,1.2,0.86,1.0,0.14,26.391,0.073,0.007,0.007,0.0,1.107,1.107,385.9,-99.999,-99.999,1.7,70.6,272.333,1.0,1.107,1.107,110.00000000000001,0.0,-99.999,10.0,0.23,-99.999,-99.999,39.33884297520662,-99.999,0.0,0.0,0.0,0.0,0,354,0.0,
12/20/24,1.65,293,1.897,1.1,1.1,1.815,1.0,1.257,2.074,0.795,1.0,0.205,26.479,0.07,0.011,0.018,0.0,1.111,1.833,385.9,-99.999,-99.999,1.7,67.7,261.129,1.0,1.111,1.833,181.5,0.0,-99.999,10.0,0.234,-99.999,-99.999,39.586776859504134,-99.999,0.0,0.0,0.0,0.0,0,355,0.0,
12/21/24,1.78,294,2.047,1.1,1.1,1.958,1.0,1.28,2.278,0.771,1.0,0.229,26.571,0.065,0.012,0.021,0.0,1.112,1.979,385.9,-99.999,-99.999,1.7,67.10000000000001,258.879,1.0,1.112,1.979,195.79999999999998,0.0,-99.999,10.0,0.24,-99.999,-99.999,39.83471074380165,-99.999,0.0,0.0,0.0,0.0,0,356,0.0,
12/22/24,1.0,295,1.15,1.1,1.1,1.1,1.0,1.229,1.229,0.826,1.0,0.174,26.615,0.06,0.008,0.008,0.0,1.108,1.108,385.9,-99.999,-99.999,1.7,70.6,272.325,1.0,1.108,1.108,110.00000000000001,0.0,-99.999,10.0,0.242,-99.999,-99.999,40.082644628099175,-99.999,0.0,0.0,0.0,0.0,0,357,0.0,
12/23/24,1.24,296,1.426,1.1,1.1,1.364,1.0,1.243,1.541,0.81,1.0,0.19,26.67,0.058,0.008,0.01,0.0,1.108,1.374,385.9,-99.999,-99.999,1.7,69.5,268.211,1.0,1.108,1.374,136.4,0.0,-99.999,10.0,0.246,-99.999,-99.999,40.3305785123967,-99.999,0.0,0.0,0.0,0.0,0,358,0.0,
12/24/24,1.3,297,1.495,1.1,1.1,1.43,1.0,1.235,1.605,0.819,1.0,0.181,26.723,0.055,0.007,0.01,0.0,1.107,1.44,385.9,-99.999,-99.999,1.7,69.19999999999999,267.202,1.0,1.107,1.44,143.0,0.0,-99.999,10.0,0.25,-99.999,-99.999,40.578512396694215,-99.999,0.0,0.0,0.0,0.0,0,359,0.0,
12/25/24,1.95,298,2.242,1.1,1.1,2.145,1.0,1.282,2.5,0.769,1.0,0.231,26.803,0.052,0.01,0.019,0.0,1.11,2.164,385.9,-99.999,-99.999,1.7,66.3,256.029,1.0,1.11,2.164,214.5,0.0,-99.999,10.0,0.255,-99.999,-99.999,40.82644628099173,-99.999,0.0,0.0,0.0,0.0,0,360,0.0,
12/26/24,1.84,299,2.116,1.1,1.1,2.024,1.0,1.279,2.353,0.772,1.0,0.228,26.873,0.048,0.009,0.016,0.0,1.109,2.04,385.9,-99.999,-99.999,1.7,66.8,257.939,1.0,1.109,2.04,202.4,0.0,-99.999,10.0,0.261,-99.999,-99.999,41.074380165289256,-99.999,0.0,0.0,0.0,0.0,0,361,0.0,
12/27/24,3.09,300,3.553,1.1,1.1,3.399,1.0,1.316,4.065,0.736,1.0,0.264,26.984,0.044,0.01,0.029,0.0,1.11,3.428,385.9,-99.999,-99.999,1.7,61.3,236.503,1.0,1.11,3.428,339.9,0.0,-99.999,10.0,0.27,-99.999,-99.999,41.32231404958678,-99.999,0.0,0.0,0.0,0.0,0,362,0.0,
12/28/24,2.31,301,2.656,1.1,1.1,2.541,1.0,1.298,2.999,0.753,1.0,0.247,27.055,0.038,0.008,0.018,0.0,1.108,2.559,385.9,-99.999,-99.999,1.7,64.8,249.932,1.0,1.108,2.559,254.1,0.0,-99.999,10.0,0.276,-99.999,-99.999,41.5702479338843,-99.999,0.0,0.0,0.0,0.0,0,363,0.0,
12/29/24,2.29,302,2.633,1.1,1.1,2.519,1.0,1.304,2.985,0.747,1.0,0.253,27.119,0.034,0.007,0.016,0.0,1.107,2.535,385.9,-99.999,-99.999,1.7,64.9,250.293,1.0,1.107,2.535,251.9,0.0,-99.999,10.0,0.283,-99.999,-99.999,41.81818181818182,-99.999,0.0,0.0,0.0,0.0,0,364,0.0,
12/30/24,2.79,303,3.208,1.1,1.1,3.069,1.0,1.295,3.612,0.756,1.0,0.244,27.188,0.031,0.006,0.017,0.0,1.106,3.086,385.9,-99.999,-99.999,1.7,62.7,241.791,1.0,1.106,3.086,306.9,0.0,-99.999,10.0,0.291,-99.999,-99.999,42.06611570247934,-99.999,0.0,0.0,0.0,0.0,0,365,0.0,
12/31/24,1.12,304,1.288,1.1,1.1,1.232,1.0,1.243,1.392,0.81,1.0,0.19,27.211,0.027,0.004,0.004,0.0,1.104,1.236,385.9,-99.999,-99.999,1.7,70.1,270.34,1.0,1.104,1.236,123.2,0.0,-99.999,10.0,0.294,-99.999,-99.999,42.31404958677686,-99.999,0.0,0.0,0.0,0.0,0,366,0.0,
01/01/25,1.46,305,1.679,1.1,1.1,1.606,1.0,1.234,1.802,0.82,1.0,0.18,27.239,0.026,0.004,0.005,0.0,1.104,1.611,385.9,-99.999,-99.999,1.7,68.60000000000001,264.556,1.0,1.104,1.611,160.60000000000002,0.0,-99.999,10.0,0.298,-99.999,-99.999,42.561983471074385,-99.999,0.0,0.0,0.0,0.0,0,1,0.0,
01/02/25,1.02,306,1.173,1.1,1.1,1.122,1.0,1.201,1.225,0.859,1.0,0.141,27.257,0.025,0.002,0.003,0.0,1.102,1.125,385.9,-99.999,-99.999,1.7,70.5,272.067,1.0,1.102,1.125,112.20000000000002,0.0,-99.999,10.0,0.301,-99.999,-99.999,42.8099173553719,-99.999,0.0,0.0,0.0,0.0,0,2,0.0,
01/03/25,0.89,307,1.023,1.1,1.1,0.979,1.0,1.209,1.076,0.85,1.0,0.15,27.273,0.024,0.003,0.002,0.0,1.103,0.981,385.9,-99.999,-99.999,1.7,71.1,274.278,1.0,1.103,0.981,97.89999999999999,0.0,-99.999,10.0,0.304,-99.999,-99.999,43.05785123966942,-99.999,0.0,0.0,0.0,0.0,0,3,10.913109525136402,
01/04/25,1.71,308,1.966,1.1,1.1,1.881,1.0,1.256,2.147,0.796,1.0,0.204,27.303,0.023,0.004,0.006,0.0,1.104,1.887,385.9,-99.999,-99.999,1.7,67.5,260.296,1.0,1.104,1.887,188.1,0.0,-99.999,10.0,0.308,-99.999,-99.999,43.30578512396694,-99.999,0.0,0.0,0.0,0.0,0,4,0.0,
01/05/25,2.31,309,2.656,1.1,1.1,2.541,1.0,1.281,2.96,0.769,1.0,0.231,27.341,0.021,0.004,0.009,0.0,1.104,2.55,385.9,-99.999,-99.999,1.7,64.8,250.065,1.0,1.104,2.55,254.1,0.0,-99.999,10.0,0.315,-99.999,-99.999,43.553719008264466,-99.999,0.0,0.0,0.0,0.0,0,5,0.0,
01/06/25,1.83,310,2.104,1.1,1.1,2.013,1.0,1.268,2.32,0.783,1.0,0.217,27.368,0.019,0.003,0.006,0.0,1.103,2.019,385.9,-99.999,-99.999,1.7,66.9,258.261,1.0,1.103,2.019,201.29999999999998,0.0,-99.999,10.0,0.32,-99.999,-99.999,43.80165289256198,-99.999,0.0,0.0,0.0,0.0,0,6,0.0,
01/07/25,2.09,311,2.403,1.1,1.1,2.299,1.0,1.283,2.681,0.768,1.0,0.232,27.398,0.018,0.003,0.007,0.0,1.103,2.306,385.9,-99.999,-99.999,1.7,65.8,253.833,1.0,1.103,2.306,229.9,0.0,-99.999,10.0,0.326,-99.999,-99.999,44.049586776859506,-99.999,0.0,0.0,0.0,0.0,0,7,0.0,
01/08/25,1.75,312,2.012,1.1,1.1,1.925,1.0,1.267,2.218,0.784,1.0,0.216,27.42,0.016,0.003,0.005,0.0,1.103,1.93,385.9,-99.999,-99.999,1.7,67.30000000000001,259.638,1.0,1.103,1.93,192.5,0.0,-99.999,10.0,0.331,-99.999,-99.999,44.29752066115702,-99.999,0.0,0.0,0.0,0.0,0,8,0.0,
01/09/25,1.22,313,1.403,1.1,1.1,1.342,1.0,1.246,1.52,0.807,1.0,0.193,27.433,0.015,0.002,0.003,0.0,1.102,1.345,385.9,-99.999,-99.999,1.7,69.6,268.669,1.0,1.102,1.345,134.20000000000002,0.0,-99.999,10.0,0.335,-99.999,-99.999,44.54545454545455,-99.999,0.0,0.0,0.0,0.0,0,9,0.0,
01/10/25,1.57,314,1.805,1.1,1.1,1.727,1.0,1.266,1.987,0.786,1.0,0.214,27.451,0.014,0.002,0.004,0.0,1.102,1.731,385.9,-99.999,-99.999,1.7,68.10000000000001,262.71,1.0,1.102,1.731,172.70000000000002,0.0,-99.999,10.0,0.339,-99.999,-99.999,44.79338842975207,-99.999,0.0,0.0,0.0,0.0,0,10,0.0,
01/11/25,1.99,315,2.288,1.1,1.1,2.189,1.0,1.275,2.538,0.776,1.0,0.224,27.471,0.013,0.002,0.005,0.0,1.102,2.194,385.9,-99.999,-99.999,1.7,66.2,255.564,1.0,1.102,2.194,218.9,0.0,-99.999,10.0,0.345,-99.999,-99.999,45.04132231404959,-99.999,0.0,0.0,0.0,0.0,0,11,0.0,
01/12/25,2.0,316,2.3,1.1,1.1,2.2,1.0,1.276,2.552,0.775,1.0,0.225,27.491,0.012,0.002,0.004,0.0,1.102,2.204,385.9,-99.999,-99.999,1.7,66.2,255.399,1.0,1.102,2.204,220.00000000000003,0.0,-99.999,10.0,0.351,-99.999,-99.999,45.289256198347104,-99.999,0.0,0.0,0.0,0.0,0,12,0.0,
01/13/25,2.17,317,2.495,1.1,1.1,2.387,1.0,1.275,2.768,0.776,1.0,0.224,27.51,0.011,0.002,0.004,0.0,1.102,2.391,385.9,-99.999,-99.999,1.7,65.4,252.513,1.0,1.102,2.391,238.7,0.0,-99.999,10.0,0.357,-99.999,-99.999,45.53719008264463,-99.999,0.0,0.0,0.0,0.0,0,13,18.824557790011987,
01/14/25,2.55,318,2.932,1.1,1.1,2.805,1.0,1.307,3.333,0.744,1.0,0.256,27.531,0.01,0.002,0.005,0.0,1.102,2.81,385.9,-99.999,-99.999,1.7,63.800000000000004,246.044,1.0,1.102,2.81,280.5,0.0,-99.999,10.0,0.364,-99.999,-99.999,45.78512396694215,-99.999,0.0,0.0,0.0,0.0,0,14,0.0,
01/15/25,2.24,319,2.576,1.1,1.1,2.464,1.0,1.3,2.912,0.751,1.0,0.249,27.547,0.009,0.002,0.004,0.0,1.102,2.468,385.9,-99.999,-99.999,1.7,65.10000000000001,251.328,1.0,1.102,2.468,246.4,0.0,-99.999,10.0,0.371,-99.999,-99.999,46.03305785123967,-99.999,0.0,0.0,0.0,0.0,0,15,0.0,
01/16/25,3.12,320,3.588,1.1,1.1,3.432,1.0,1.31,4.086,0.741,1.0,0.259,27.568,0.008,0.002,0.005,0.0,1.102,3.437,385.9,-99.999,-99.999,1.7,61.3,236.366,1.0,1.102,3.437,343.2,0.0,-99.999,10.0,0.379,-99.999,-99.999,46.28099173553719,-99.999,0.0,0.0,0.0,0.0,0,16,0.0,
01/17/25,1.34,321,1.541,1.1,1.1,1.474,1.0,1.243,1.666,0.81,1.0,0.19,27.575,0.007,0.001,0.001,0.0,1.101,1.475,385.9,-99.999,-99.999,1.7,69.1,266.651,1.0,1.101,1.475,147.4,0.0,-99.999,10.0,0.383,-99.999,-99.999,46.52892561983471,-99.999,0.0,0.0,0.0,0.0,0,17,0.0,
01/18/25,3.08,322,3.542,1.1,1.1,3.388,1.0,1.306,4.021,0.745,1.0,0.255,27.591,0.007,0.001,0.004,0.0,1.101,3.392,385.9,-99.999,-99.999,1.7,61.4,237.062,1.0,1.101,3.392,338.8,0.0,-99.999,10.0,0.392,-99.999,-99.999,46.77685950413223,-99.999,0.0,0.0,0.0,0.0,0,18,0.0,
01/19/25,2.91,323,3.346,1.1,1.1,3.201,1.0,1.289,3.752,0.762,1.0,0.238,27.605,0.006,0.001,0.003,0.0,1.101,3.204,385.9,-99.999,-99.999,1.7,62.2,239.965,1.0,1.101,3.204,320.1,0.0,-99.999,10.0,0.4,-99.999,-99.999,47.02479338842976,-99.999,0.0,0.0,0.0,0.0,0,19,0.0,
01/20/25,1.9,324,2.185,1.1,1.1,2.09,1.0,1.256,2.387,0.796,1.0,0.204,27.612,0.005,0.001,0.002,0.0,1.101,2.092,385.9,-99.999,-99.999,1.7,66.60000000000001,257.14,1.0,1.101,2.092,209.0,0.0,-99.999,10.0,0.406,-99.999,-99.999,47.27272727272727,-99.999,0.0,0.0,0.0,0.0,0,20,0.0,
01/21/25,6.5,325,7.475,1.1,1.1,7.15,1.0,1.243,8.08,0.81,1.0,0.19,27.635,0.005,0.001,0.004,0.0,1.101,7.154,385.9,-99.999,-99.999,1.7,46.400000000000006,178.99,1.0,1.101,7.154,715.0,0.0,-99.999,10.0,0.424,-99.999,-99.999,47.52066115702479,-99.999,0.0,0.0,0.0,0.0,0,21,0.0,
01/22/25,1.75,326,2.012,1.1,1.1,1.925,1.0,1.237,2.165,0.817,1.0,0.183,27.64,0.003,0.0,0.001,0.0,1.1,1.926,385.9,-99.999,-99.999,1.7,67.30000000000001,259.698,1.0,1.1,1.926,192.5,0.0,-99.999,10.0,0.429,-99.999,-99.999,47.768595041322314,-99.999,0.0,0.0,0.0,0.0,0,22,0.0,
01/23/25,0.83,327,0.954,1.1,1.1,0.913,1.0,1.194,0.991,0.869,1.0,0.131,26.572,0.003,0.0,0.0,0.0,1.1,0.913,385.9,-99.999,-99.999,1.7,71.3,275.328,1.0,1.1,0.913,91.3,0.0,-99.999,10.0,0.429,-99.999,-99.999,48.01652892561984,-99.999,0.0,0.0,1.07,0.0,0,23,0.0,
01/24/25,0.31,328,0.356,1.1,1.1,0.341,1.0,1.15,0.357,0.926,1.0,0.074,19.364,0.06,0.003,0.001,0.0,1.103,0.342,385.9,-99.999,-99.999,1.7,73.6,284.147,1.0,1.103,0.342,34.1,0.0,-99.999,10.0,0.411,-99.999,-99.999,48.264462809917354,-99.999,0.0,0.0,7.22,0.0,0,24,0.0,
01/25/25,0.35,329,0.402,1.1,1.1,0.385,1.0,1.15,0.403,0.926,1.0,0.074,13.31,0.446,0.022,0.008,0.0,1.122,0.393,385.9,-99.999,-99.999,1.7,73.4,283.362,1.0,1.122,0.393,38.5,0.0,-99.999,10.0,0.396,-99.999,-99.999,48.51239669421488,-99.999,0.0,0.0,6.16,0.0,0,25,0.0,
01/26/25,2.16,330,2.484,1.1,1.1,2.376,1.0,1.365,2.949,0.691,1.0,0.309,13.967,0.77,0.204,0.441,0.0,1.304,2.817,385.9,-99.999,-99.999,1.7,63.7,245.945,1.0,1.304,2.817,237.6,0.0,-99.999,10.0,0.401,-99.999,-99.999,48.760330578512395,-99.999,0.0,0.0,0.77,0.0,0,26,0.0,
01/27/25,2.14,331,2.461,1.1,1.1,2.354,1.0,1.319,2.822,0.733,1.0,0.267,15.254,0.734,0.16,0.343,0.0,1.26,2.697,385.9,-99.999,-99.999,1.7,64.2,247.787,1.0,1.26,2.697,235.4,0.0,-99.999,10.0,0.408,-99.999,-99.999,49.00826446280992,-99.999,0.0,0.0,0.0,0.0,0,27,0.0,
01/28/25,2.07,332,2.38,1.1,1.1,2.277,1.0,1.308,2.708,0.743,1.0,0.257,16.369,0.666,0.139,0.287,0.0,1.239,2.564,385.9,-99.999,-99.999,1.7,64.7,249.846,1.0,1.239,2.564,227.70000000000002,0.0,-99.999,10.0,0.415,-99.999,-99.999,49.25619834710744,-99.999,0.0,0.0,0.0,0.0,0,28,0.0,
01/29/25,1.26,333,1.449,1.1,1.1,1.386,1.0,1.231,1.551,0.824,1.0,0.176,16.937,0.606,0.079,0.1,0.0,1.179,1.486,385.9,-99.999,-99.999,1.7,69.1,266.49,1.0,1.179,1.486,138.6,0.0,-99.999,10.0,0.419,-99.999,-99.999,49.50413223140496,-99.999,0.0,0.0,0.0,0.0,0,29,0.0,
01/30/25,1.2,334,1.38,1.1,1.1,1.32,1.0,1.204,1.444,0.856,1.0,0.144,17.435,0.576,0.06,0.071,0.0,1.16,1.391,385.9,-99.999,-99.999,1.7,69.39999999999999,267.946,1.0,1.16,1.391,132.0,0.0,-99.999,10.0,0.423,-99.999,-99.999,49.752066115702476,-99.999,0.0,0.0,0.0,0.0,0,30,0.0,
01/31/25,1.06,335,1.219,1.1,1.1,1.166,1.0,1.162,1.232,0.909,1.0,0.091,17.743,0.549,0.034,0.036,0.0,1.134,1.202,385.9,-99.999,-99.999,1.7,70.19999999999999,270.869,1.0,1.134,1.202,116.6,0.0,-99.999,10.0,0.425,-99.999,-99.999,50.0,-99.999,0.0,0.0,0.09,0.0,0,31,0.0,
02/01/25,1.03,336,1.184,1.1,1.1,1.133,1.0,1.15,1.185,0.926,1.0,0.074,13.234,0.532,0.027,0.027,0.0,1.127,1.16,385.9,-99.999,-99.999,1.7,70.39999999999999,271.513,1.0,1.127,1.16,113.3,0.0,-99.999,10.0,0.416,-99.999,-99.999,50.247933884297524,-99.999,0.0,0.0,4.88,0.0,0,32,0.0,
02/02/25,1.42,337,1.633,1.1,1.1,1.562,1.0,1.208,1.715,0.851,1.0,0.149,14.029,0.774,0.083,0.118,0.0,1.183,1.68,385.9,-99.999,-99.999,1.7,68.30000000000001,263.487,1.0,1.183,1.68,156.20000000000002,0.0,-99.999,10.0,0.42,-99.999,-99.999,50.49586776859504,-99.999,0.0,0.0,0.0,0.0,0,33,0.0,
02/03/25,2.09,338,2.403,1.1,1.1,2.299,1.0,1.295,2.706,0.756,1.0,0.244,15.248,0.731,0.142,0.297,0.0,1.242,2.596,385.9,-99.999,-99.999,1.7,64.60000000000001,249.346,1.0,1.242,2.596,229.9,0.0,-99.999,10.0,0.427,-99.999,-99.999,50.743801652892564,-99.999,0.0,0.0,0.0,0.0,0,34,0.0,
02/04/25,2.25,339,2.587,1.1,1.1,2.475,1.0,1.281,2.881,0.77,1.0,0.23,16.426,0.666,0.12,0.271,0.0,1.22,2.746,385.9,-99.999,-99.999,1.7,64.0,247.045,1.0,1.22,2.746,247.5,0.0,-99.999,10.0,0.434,-99.999,-99.999,50.99173553719008,-99.999,0.0,0.0,0.0,0.0,0,35,0.0,
02/05/25,2.47,340,2.841,1.1,1.1,2.717,1.0,1.286,3.176,0.765,1.0,0.235,17.603,0.603,0.112,0.277,0.0,1.212,2.994,385.9,-99.999,-99.999,1.7,63.0,243.216,1.0,1.212,2.994,271.7,0.0,-99.999,10.0,0.442,-99.999,-99.999,51.239669421487605,-99.999,0.0,0.0,0.0,0.0,0,36,0.0,
02/06/25,2.56,341,2.944,1.1,1.1,2.816,1.0,1.315,3.367,0.736,1.0,0.264,18.73,0.54,0.116,0.297,0.0,1.216,3.113,385.9,-99.999,-99.999,1.7,62.5,241.368,1.0,1.216,3.113,281.59999999999997,0.0,-99.999,10.0,0.45,-99.999,-99.999,51.48760330578513,-99.999,0.0,0.0,0.0,0.0,0,37,0.0,
02/07/25,2.77,342,3.185,1.1,1.1,3.047,1.0,1.312,3.635,0.739,1.0,0.261,19.811,0.48,0.102,0.282,0.0,1.202,3.329,385.9,-99.999,-99.999,1.7,61.7,238.039,1.0,1.202,3.329,304.7,0.0,-99.999,10.0,0.458,-99.999,-99.999,51.735537190082646,-99.999,0.0,0.0,0.0,0.0,0,38,0.0,
02/08/25,1.79,343,2.058,1.1,1.1,1.969,1.0,1.269,2.272,0.782,1.0,0.218,20.397,0.422,0.071,0.128,0.0,1.171,2.097,385.9,-99.999,-99.999,1.7,66.60000000000001,257.057,1.0,1.171,2.097,196.9,0.0,-99.999,10.0,0.464,-99.999,-99.999,51.98347107438016,-99.999,0.0,0.0,0.0,0.0,0,39,0.0,
02/09/25,1.19,344,1.368,1.1,1.1,1.309,1.0,1.243,1.479,0.81,1.0,0.19,20.747,0.391,0.056,0.067,0.0,1.156,1.376,385.9,-99.999,-99.999,1.7,69.5,268.192,1.0,1.156,1.376,130.9,0.0,-99.999,10.0,0.467,-99.999,-99.999,52.231404958677686,-99.999,0.0,0.0,0.0,0.0,0,40,0.0,
02/10/25,1.76,345,2.024,1.1,1.1,1.936,1.0,1.248,2.197,0.804,1.0,0.196,21.244,0.372,0.055,0.097,0.0,1.155,2.033,385.9,-99.999,-99.999,1.7,66.9,258.041,1.0,1.155,2.033,193.6,0.0,-99.999,10.0,0.473,-99.999,-99.999,52.47933884297521,-99.999,0.0,0.0,0.0,0.0,0,41,0.0,
02/11/25,1.1,346,1.265,1.1,1.1,1.21,1.0,1.214,1.335,0.844,1.0,0.156,21.521,0.345,0.039,0.043,0.0,1.139,1.253,385.9,-99.999,-99.999,1.7,70.0,270.08,1.0,1.139,1.253,121.0,0.0,-99.999,10.0,0.476,-99.999,-99.999,52.72727272727273,-99.999,0.0,0.0,0.0,0.0,0,42,0.0,
02/12/25,2.49,347,2.864,1.1,1.1,2.739,1.0,1.306,3.252,0.745,1.0,0.255,22.155,0.33,0.068,0.169,0.0,1.168,2.908,385.9,-99.999,-99.999,1.7,63.4,244.531,1.0,1.168,2.908,273.9,0.0,-99.999,10.0,0.483,-99.999,-99.999,52.97520661157025,-99.999,0.0,0.0,0.03,0.0,0,43,0.0,
02/13/25,2.68,348,3.082,1.1,1.1,2.948,1.0,1.282,3.436,0.769,1.0,0.231,22.781,0.297,0.054,0.145,0.0,1.154,3.093,385.9,-99.999,-99.999,1.7,62.6,241.687,1.0,1.154,3.093,294.8,0.0,-99.999,10.0,0.491,-99.999,-99.999,53.22314049586777,-99.999,0.0,0.0,0.0,0.0,0,44,0.0,
02/14/25,2.77,349,3.185,1.1,1.1,3.047,1.0,1.272,3.523,0.779,1.0,0.221,23.348,0.263,0.045,0.125,0.0,1.145,3.172,385.9,-99.999,-99.999,1.7,62.3,240.458,1.0,1.145,3.172,304.7,0.0,-99.999,10.0,0.5,-99.999,-99.999,53.47107438016529,-99.999,0.0,0.0,0.0,0.0,0,45,0.0,
02/15/25,3.94,350,4.531,1.1,1.1,4.334,1.0,1.307,5.15,0.744,1.0,0.256,24.09,0.233,0.048,0.19,0.0,1.148,4.524,385.9,-99.999,-99.999,1.7,56.89999999999999,219.595,1.0,1.148,4.524,433.4,0.0,-99.999,10.0,0.511,-99.999,-99.999,53.71900826446281,-99.999,0.0,0.0,0.0,0.0,0,46,0.0,
02/16/25,3.32,351,3.818,1.1,1.1,3.652,1.0,1.282,4.257,0.769,1.0,0.231,24.594,0.193,0.035,0.117,0.0,1.135,3.769,385.9,-99.999,-99.999,1.7,59.9,231.249,1.0,1.135,3.769,365.2,0.0,-99.999,10.0,0.521,-99.999,-99.999,53.96694214876033,-99.999,0.0,0.0,0.0,0.0,0,47,0.0,
02/17/25,3.01,352,3.461,1.1,1.1,3.311,1.0,1.295,3.898,0.756,1.0,0.244,24.994,0.166,0.032,0.098,0.0,1.132,3.409,385.9,-99.999,-99.999,1.7,61.4,236.811,1.0,1.132,3.409,331.1,0.0,-99.999,10.0,0.53,-99.999,-99.999,54.214876033057855,-99.999,0.0,0.0,0.0,0.0,0,48,0.0,
02/18/25,2.15,353,2.472,1.1,1.1,2.365,1.0,1.232,2.649,0.822,1.0,0.178,25.225,0.145,0.019,0.041,0.0,1.119,2.406,385.9,-99.999,-99.999,1.7,65.4,252.283,1.0,1.119,2.406,236.50000000000003,0.0,-99.999,10.0,0.536,-99.999,-99.999,54.46280991735537,-99.999,0.0,0.0,0.0,0.0,0,49,0.0,
02/19/25,2.54,354,2.874,1.07,1.07,2.718,1.0,1.296,3.291,0.72,1.0,0.28,25.496,0.132,0.03,0.076,0.0,1.1,2.794,385.9,-99.999,-99.999,1.7,63.800000000000004,246.303,1.0,1.1,2.794,271.8,0.0,-99.999,10.0,0.543,-99.999,-99.999,54.710743801652896,-99.999,0.0,0.0,0.0,0.0,0,50,12.719553632203429,
02/20/25,1.19,355,1.325,1.04,1.04,1.238,1.0,1.256,1.494,0.722,1.0,0.278,25.225,0.118,0.025,0.03,0.0,1.065,1.268,385.9,-99.999,-99.999,1.7,69.89999999999999,269.855,1.0,1.065,1.268,123.8,0.0,-99.999,10.0,0.546,-99.999,-99.999,54.95867768595041,-99.999,0.0,0.0,0.38,0.0,0,51,0.0,
02/21/25,1.15,356,1.259,1.01,1.01,1.161,1.0,1.185,1.362,0.758,1.0,0.242,24.974,0.132,0.023,0.027,0.0,1.033,1.188,385.9,-99.999,-99.999,1.7,70.19999999999999,271.086,1.0,1.033,1.188,116.10000000000001,0.0,-99.999,10.0,0.548,-99.999,-99.999,55.20661157024794,-99.999,0.0,0.0,0.36,0.0,0,52,0.0,
02/22/25,1.23,357,1.324,0.98,0.98,1.205,1.0,1.164,1.431,0.741,1.0,0.259,25.102,0.146,0.027,0.033,0.0,1.007,1.238,385.9,-99.999,-99.999,1.7,70.0,270.31,1.0,1.007,1.238,120.5,0.0,-99.999,10.0,0.551,-99.999,-99.999,55.45454545454545,-99.999,0.0,0.0,0.0,0.0,0,53,0.0,
02/23/25,1.59,358,1.683,0.95,0.95,1.51,1.0,1.242,1.975,0.627,1.0,0.373,25.275,0.139,0.041,0.065,0.0,0.991,1.575,385.9,-99.999,-99.999,1.7,68.7,265.112,1.0,0.991,1.575,151.0,0.0,-99.999,10.0,0.555,-99.999,-99.999,55.70247933884298,-99.999,0.0,0.0,0.0,0.0,0,54,0.0,
02/24/25,1.5,359,1.56,0.92,0.92,1.38,1.0,1.227,1.841,0.604,1.0,0.396,25.426,0.13,0.04,0.06,0.0,0.96,1.44,385.9,-99.999,-99.999,1.7,69.19999999999999,267.201,1.0,0.96,1.44,138.0,0.0,-99.999,10.0,0.559,-99.999,-99.999,55.950413223140494,-99.999,0.0,0.0,0.0,0.0,0,55,0.0,
02/25/25,3.36,360,3.433,0.89,0.89,2.99,1.0,1.298,4.363,0.517,1.0,0.483,25.771,0.122,0.05,0.167,0.0,0.94,3.157,385.9,-99.999,-99.999,1.7,62.4,240.689,1.0,0.94,3.157,299.0,0.0,-99.999,10.0,0.567,-99.999,-99.999,56.19834710743802,-99.999,0.0,0.0,0.0,0.0,0,56,0.0,
02/26/25,2.84,361,2.849,0.86,0.86,2.442,1.0,1.257,3.57,0.514,1.0,0.486,26.01,0.103,0.041,0.116,0.0,0.901,2.559,385.9,-99.999,-99.999,1.7,64.8,249.929,1.0,0.901,2.559,244.20000000000002,0.0,-99.999,10.0,0.574,-99.999,-99.999,56.44628099173554,-99.999,0.0,0.0,0.0,0.0,0,57,0.0,
02/27/25,2.35,362,2.315,0.83,0.83,1.95,1.0,1.226,2.882,0.502,1.0,0.498,26.179,0.09,0.036,0.084,0.0,0.866,2.035,385.9,-99.999,-99.999,1.7,66.9,258.019,1.0,0.866,2.035,195.0,0.0,-99.999,10.0,0.579,-99.999,-99.999,56.69421487603306,-99.999,0.0,0.0,0.0,0.0,0,58,0.0,
02/28/25,2.43,363,2.349,0.8,0.8,1.944,1.0,1.221,2.967,0.473,1.0,0.527,26.337,0.081,0.034,0.083,0.0,0.834,2.027,385.9,-99.999,-99.999,1.7,66.9,258.134,1.0,0.834,2.027,194.4,0.0,-99.999,10.0,0.584,-99.999,-99.999,56.94214876033058,-99.999,0.0,0.0,0.0,0.0,0,59,0.0,
03/01/25,2.08,364,1.973,0.77,0.77,1.602,1.0,1.191,2.477,0.46,1.0,0.54,26.455,0.073,0.031,0.064,0.0,0.801,1.665,385.9,-99.999,-99.999,1.7,68.30000000000001,263.718,1.0,0.801,1.665,160.20000000000002,0.0,-99.999,10.0,0.589,-99.999,-99.999,57.1900826446281,-99.999,0.0,0.0,0.0,0.0,0,60,0.0,
03/02/25,1.09,365,1.014,0.74,0.74,0.807,1.0,1.19,1.297,0.427,1.0,0.573,0.057,0.067,0.03,0.033,5.475,0.77,0.839,385.9,-99.999,-99.999,1.7,71.6,276.47,1.0,0.77,0.839,80.7,0.0,-99.999,10.0,0.508,-99.999,-99.999,57.43801652892562,-99.999,0.0,0.0,31.93,0.0,0,61,0.0,
03/03/25,0.89,1,0.811,0.71,0.71,0.632,1.0,1.219,1.085,0.379,1.0,0.621,0.73,1.0,0.509,0.453,10.223,1.219,1.085,385.9,-99.999,-99.999,1.7,70.7,272.675,1.0,1.219,1.085,63.2,0.0,-99.999,10.0,0.484,-99.999,-99.999,57.68595041322314,-99.999,0.0,0.0,10.28,0.0,0,62,0.0,
03/04/25,1.14,2,1.018,0.68,0.68,0.775,1.0,1.142,1.302,0.391,1.0,0.609,1.554,1.0,0.462,0.527,0.0,1.142,1.302,385.9,-99.999,-99.999,1.7,69.8,269.33,1.0,1.142,1.302,77.5,0.0,-99.999,10.0,0.487,-99.999,-99.999,57.93388429752066,-99.999,0.0,0.0,0.04,0.0,0,63,0.0,
03/05/25,1.3,3,1.138,0.65,0.65,0.845,1.0,1.147,1.491,0.355,1.0,0.645,2.556,1.0,0.497,0.646,0.0,1.147,1.491,385.9,-99.999,-99.999,1.7,69.0,266.409,1.0,1.147,1.491,84.5,0.0,-99.999,10.0,0.491,-99.999,-99.999,58.18181818181818,-99.999,0.0,0.0,0.0,0.0,0,64,0.0,
03/06/25,1.85,4,1.585,0.62,0.62,1.147,1.0,1.208,2.235,0.296,1.0,0.704,4.101,1.0,0.588,1.088,0.0,1.208,2.235,385.9,-99.999,-99.999,1.7,66.10000000000001,254.927,1.0,1.208,2.235,114.7,0.0,-99.999,10.0,0.497,-99.999,-99.999,58.429752066115704,-99.999,0.0,0.0,0.0,0.0,0,65,0.0,
03/07/25,1.91,5,1.601,0.59,0.59,1.127,1.0,1.186,2.264,0.277,1.0,0.723,5.625,1.0,0.596,1.137,0.0,1.186,2.264,385.9,-99.999,-99.999,1.7,65.9,254.472,1.0,1.186,2.264,112.7,0.0,-99.999,10.0,0.503,-99.999,-99.999,58.67768595041323,-99.999,0.0,0.0,0.05,0.0,0,66,0.0,
03/08/25,2.34,6,1.919,0.56,0.56,1.31,1.0,1.242,2.907,0.23,1.0,0.77,7.698,1.0,0.682,1.596,0.0,1.242,2.907,385.9,-99.999,-99.999,1.7,63.4,244.56,1.0,1.242,2.907,131.0,0.0,-99.999,10.0,0.51,-99.999,-99.999,58.925619834710744,-99.999,0.0,0.0,0.0,0.0,0,67,0.0,
03/09/25,2.62,7,2.1,0.53,0.53,1.389,1.0,1.227,3.214,0.21,1.0,0.79,10.007,1.0,0.697,1.825,0.0,1.227,3.214,385.9,-99.999,-99.999,1.7,62.1,239.814,1.0,1.227,3.214,138.9,0.0,-99.999,10.0,0.519,-99.999,-99.999,59.17355371900827,-99.999,0.0,0.0,0.0,0.0,0,68,0.0,
03/10/25,2.21,8,1.731,0.5,0.5,1.105,1.0,1.198,2.646,0.193,1.0,0.807,11.755,0.946,0.66,1.458,0.0,1.16,2.563,385.9,-99.999,-99.999,1.7,64.7,249.855,1.0,1.16,2.563,110.5,0.0,-99.999,10.0,0.525,-99.999,-99.999,59.421487603305785,-99.999,0.0,0.0,0.06,0.0,0,69,0.0,
03/11/25,1.75,9,1.339,0.47,0.47,0.822,1.0,1.153,2.018,0.18,1.0,0.82,12.978,0.853,0.582,1.019,0.0,1.052,1.842,385.9,-99.999,-99.999,1.7,67.60000000000001,260.996,1.0,1.052,1.842,82.19999999999999,0.0,-99.999,10.0,0.53,-99.999,-99.999,59.66942148760331,-99.999,0.0,0.0,0.02,0.0,0,70,0.0,
03/12/25,2.79,10,2.083,0.44,0.44,1.228,1.0,1.267,3.535,0.132,1.0,0.868,15.072,0.787,0.651,1.817,0.0,1.091,3.045,385.9,-99.999,-99.999,1.7,62.8,242.43,1.0,1.091,3.045,122.8,0.0,-99.999,10.0,0.538,-99.999,-99.999,59.917355371900825,-99.999,0.0,0.0,0.0,0.0,0,71,0.0,
03/13/25,2.2,11,1.602,0.41,0.41,0.902,1.0,1.192,2.621,0.125,1.0,0.875,16.398,0.675,0.528,1.161,0.0,0.938,2.063,385.9,-99.999,-99.999,1.7,66.7,257.579,1.0,0.938,2.063,90.2,0.0,-99.999,10.0,0.543,-99.999,-99.999,60.16528925619835,-99.999,0.0,0.0,0.0,0.0,0,72,0.0,
03/14/25,2.31,12,1.64,0.38,0.38,0.878,1.0,1.261,2.913,0.094,1.0,0.906,17.597,0.604,0.533,1.23,0.0,0.913,2.108,385.9,-99.999,-99.999,1.7,66.60000000000001,256.886,1.0,0.913,2.108,87.8,0.0,-99.999,10.0,0.548,-99.999,-99.999,60.413223140495866,-99.999,0.0,0.0,0.16,0.0,0,73,0.0,
03/15/25,2.44,13,1.688,0.35,0.35,0.854,1.0,1.271,3.1,0.075,1.0,0.925,18.909,0.54,0.497,1.214,0.0,0.847,2.068,385.9,-99.999,-99.999,1.7,66.7,257.509,1.0,0.847,2.068,85.39999999999999,0.0,-99.999,10.0,0.554,-99.999,-99.999,60.66115702479339,-99.999,0.0,0.0,0.0,0.0,0,74,0.0,
03/16/25,3.15,14,2.121,0.32,0.32,1.008,1.0,1.294,4.075,0.057,1.0,0.943,20.439,0.47,0.458,1.442,0.0,0.778,2.45,385.9,-99.999,-99.999,1.7,65.2,251.607,1.0,0.778,2.45,100.8,0.0,-99.999,10.0,0.56,-99.999,-99.999,60.909090909090914,-99.999,0.0,0.0,0.0,0.0,0,75,0.0,
03/17/25,4.85,15,3.177,0.29,0.29,1.406,1.0,1.331,6.454,0.041,1.0,0.959,22.482,0.388,0.404,1.96,0.0,0.694,3.366,385.9,-99.999,-99.999,1.7,61.5,237.463,1.0,0.694,3.366,140.6,0.0,-99.999,10.0,0.569,-99.999,-99.999,61.15702479338843,-99.999,0.0,0.0,0.0,0.0,0,76,0.0,
03/18/25,3.78,16,2.407,0.26,0.26,0.983,1.0,1.289,4.874,0.03,1.0,0.97,23.601,0.279,0.287,1.086,0.0,0.547,2.069,385.9,-99.999,-99.999,1.7,66.7,257.493,1.0,0.547,2.069,98.3,0.0,-99.999,10.0,0.574,-99.999,-99.999,61.404958677685954,-99.999,0.0,0.0,0.0,0.0,0,77,0.0,
03/19/25,4.33,17,2.677,0.23,0.23,0.996,1.0,1.296,5.611,0.018,1.0,0.982,24.632,0.219,0.234,1.011,0.0,0.464,2.007,385.9,-99.999,-99.999,1.7,67.0,258.439,1.0,0.464,2.007,99.6,0.0,-99.999,10.0,0.579,-99.999,-99.999,61.65289256198347,-99.999,0.0,0.0,0.0,0.0,0,78,0.0,
03/20/25,5.74,18,3.444,0.2,0.2,1.148,1.0,1.31,7.522,0.009,1.0,0.991,25.687,0.164,0.182,1.046,0.0,0.382,2.194,385.9,-99.999,-99.999,1.7,66.2,255.562,1.0,0.382,2.194,114.8,0.0,-99.999,10.0,0.585,-99.999,-99.999,61.900826446280995,-99.999,0.0,0.0,0.0,0.0,0,79,0.0,
03/21/25,5.79,19,3.474,0.2,0.2,1.158,1.0,1.302,7.539,0.009,1.0,0.991,26.38,0.108,0.119,0.687,0.0,0.319,1.845,385.9,-99.999,-99.999,1.7,67.60000000000001,260.947,1.0,0.319,1.845,115.8,0.0,-99.999,10.0,0.59,-99.999,-99.999,62.14876033057851,-99.999,0.0,0.0,0.0,0.0,0,80,17.099285071442573,
03/22/25,6.39,20,3.834,0.2,0.2,1.278,1.0,1.312,8.385,0.009,1.0,0.991,26.886,0.071,0.078,0.502,0.0,0.278,1.78,385.9,-99.999,-99.999,1.7,67.9,261.956,1.0,0.278,1.78,127.8,0.0,-99.999,10.0,0.594,-99.999,-99.999,62.396694214876035,-99.999,0.0,0.0,0.0,0.0,0,81,0.0,
03/23/25,6.77,21,4.062,0.2,0.2,1.354,1.0,1.33,9.005,0.009,1.0,0.991,27.222,0.044,0.049,0.333,0.0,0.249,1.687,385.9,-99.999,-99.999,1.7,68.30000000000001,263.387,1.0,0.249,1.687,135.4,0.0,-99.999,10.0,0.599,-99.999,-99.999,62.64462809917355,-99.999,0.0,0.0,0.0,0.0,0,82,0.0,
03/24/25,4.7,22,2.82,0.2,0.2,0.94,1.0,1.268,5.959,0.009,1.0,0.991,27.352,0.026,0.027,0.128,0.0,0.227,1.068,385.9,-99.999,-99.999,1.7,70.7,272.936,1.0,0.227,1.068,94.0,0.0,-99.999,10.0,0.601,-99.999,-99.999,62.892561983471076,-99.999,0.0,0.0,0.0,0.0,0,83,0.0,
03/25/25,5.71,23,3.426,0.2,0.2,1.142,1.0,1.284,7.332,0.009,1.0,0.991,0.116,0.019,0.02,0.115,22.648,0.22,1.257,385.9,-99.999,-99.999,1.7,70.0,270.017,1.0,0.22,1.257,114.19999999999999,0.0,-99.999,10.0,0.475,-99.999,-99.999,63.1404958677686,-99.999,50.0,0.0,0.0,0.0,0,84,0.0,
03/26/25,3.63,24,2.178,0.2,0.2,0.726,1.0,1.198,4.349,0.01,1.0,0.99,3.777,1.0,0.998,3.623,0.0,1.198,4.349,385.9,-99.999,-99.999,1.7,57.599999999999994,222.296,1.0,1.198,4.349,72.6,0.0,-99.999,10.0,0.486,-99.999,-99.999,63.388429752066116,-99.999,0.0,0.0,0.0,0.0,0,85,0.0,
03/27/25,2.82,25,1.692,0.2,0.2,0.564,1.0,1.264,3.563,0.01,1.0,0.99,6.226,1.0,1.064,2.999,0.0,1.264,3.563,385.9,-99.999,-99.999,1.7,60.699999999999996,234.421,1.0,1.264,3.563,56.39999999999999,0.0,-99.999,10.0,0.494,-99.999,-99.999,63.63636363636364,-99.999,0.0,0.0,0.58,0.0,0,86,0.0,
03/28/25,4.78,26,2.868,0.2,0.2,0.956,1.0,1.342,6.413,0.009,1.0,0.991,11.69,1.0,1.142,5.457,0.0,1.342,6.413,385.9,-99.999,-99.999,1.7,49.3,190.438,0.999,1.341,6.412,95.5,0.0,-99.999,10.0,0.511,-99.999,-99.999,63.88429752066116,-99.999,0.0,0.0,0.04,0.0,0,87,0.0,
03/29/25,2.85,27,1.71,0.2,0.2,0.57,1.0,1.28,3.647,0.009,1.0,0.991,14.229,0.856,0.924,2.635,0.0,1.124,3.205,385.9,-99.999,-99.999,1.7,62.2,239.959,1.0,1.124,3.205,56.99999999999999,0.0,-99.999,10.0,0.519,-99.999,-99.999,64.13223140495867,-99.999,0.0,0.0,0.12,0.0,0,88,0.0,
03/30/25,3.81,28,2.286,0.2,0.2,0.762,1.0,1.274,4.855,0.009,1.0,0.991,16.985,0.72,0.774,2.948,0.0,0.974,3.71,385.9,-99.999,-99.999,1.7,60.199999999999996,232.151,1.0,0.974,3.71,76.2,0.0,-99.999,10.0,0.528,-99.999,-99.999,64.3801652892562,-99.999,0.0,0.0,0.22,0.0,0,89,0.0,
03/31/25,3.54,29,2.124,0.2,0.2,0.708,1.0,1.267,4.487,0.009,1.0,0.991,19.171,0.573,0.612,2.165,0.0,0.812,2.873,385.9,-99.999,-99.999,1.7,63.5,245.076,1.0,0.812,2.873,70.8,0.0,-99.999,10.0,0.535,-99.999,-99.999,64.62809917355372,-99.999,0.0,0.0,0.0,0.0,0,90,15.452748527145973,
04/01/25,5.28,30,3.168,0.2,0.2,1.056,1.0,1.296,6.842,0.009,1.0,0.991,21.834,0.456,0.5,2.639,0.0,0.7,3.695,385.9,-99.999,-99.999,1.7,60.199999999999996,232.39,1.0,0.7,3.695,105.60000000000001,0.0,-99.999,10.0,0.545,-99.999,-99.999,64.87603305785123,-99.999,0.0,0.0,0.0,0.0,0,91,14.855981422883103,
04/02/25,5.1,31,3.06,0.2,0.2,1.02,1.0,1.308,6.671,0.009,1.0,0.991,22.703,0.314,0.348,1.773,0.0,0.548,2.793,385.9,-99.999,-99.999,1.7,63.800000000000004,246.318,1.0,0.548,2.793,102.0,0.0,-99.999,10.0,0.549,-99.999,-99.999,65.12396694214877,-99.999,0.0,0.0,0.92,0.0,0,92,0.0,
04/03/25,3.46,32,2.076,0.2,0.2,0.692,1.0,1.22,4.22,0.01,1.0,0.99,23.305,0.267,0.272,0.943,0.0,0.472,1.635,385.9,-99.999,-99.999,1.7,68.5,264.192,1.0,0.472,1.635,69.19999999999999,0.0,-99.999,10.0,0.553,-99.999,-99.999,65.37190082644628,-99.999,0.0,0.0,0.35,0.0,0,93,0.0,
04/04/25,3.69,33,2.214,0.2,0.2,0.738,1.0,1.252,4.618,0.01,1.0,0.99,24.226,0.235,0.247,0.912,0.0,0.447,1.65,385.9,-99.999,-99.999,1.7,68.4,263.957,1.0,0.447,1.65,73.8,0.0,-99.999,10.0,0.557,-99.999,-99.999,65.6198347107438,-99.999,0.0,0.0,0.0,0.0,0,94,0.0,
04/05/25,5.12,34,3.072,0.2,0.2,1.024,1.0,1.278,6.544,0.009,1.0,0.991,25.261,0.186,0.2,1.025,0.0,0.4,2.049,385.9,-99.999,-99.999,1.7,66.8,257.791,1.0,0.4,2.049,102.4,0.0,-99.999,10.0,0.562,-99.999,-99.999,65.86776859504133,-99.999,0.0,0.0,0.0,0.0,0,95,0.0,
04/06/25,4.78,35,2.868,0.2,0.2,0.956,1.0,1.256,6.002,0.01,1.0,0.99,25.926,0.13,0.138,0.658,0.0,0.338,1.614,385.9,-99.999,-99.999,1.7,68.5,264.509,1.0,0.338,1.614,95.6,0.0,-99.999,10.0,0.567,-99.999,-99.999,66.11570247933884,-99.999,0.0,0.0,0.0,0.0,0,96,0.0,
04/07/25,4.6,36,2.76,0.2,0.2,0.92,1.0,1.237,5.691,0.01,1.0,0.99,26.383,0.095,0.098,0.453,0.0,0.298,1.373,385.9,-99.999,-99.999,1.7,69.5,268.236,1.0,0.298,1.373,92.0,0.0,-99.999,10.0,0.57,-99.999,-99.999,66.36363636363637,-99.999,0.0,0.0,0.0,0.0,0,97,0.0,
04/08/25,3.69,37,2.214,0.2,0.2,0.738,1.0,1.246,4.599,0.01,1.0,0.99,26.657,0.07,0.074,0.272,0.0,0.274,1.01,385.9,-99.999,-99.999,1.7,71.0,273.836,1.0,0.274,1.01,73.8,0.0,-99.999,10.0,0.573,-99.999,-99.999,66.61157024793388,-99.999,0.0,0.0,0.0,0.0,0,98,0.0,
04/09/25,4.51,38,2.706,0.2,0.2,0.902,1.0,1.276,5.756,0.009,1.0,0.991,26.931,0.056,0.06,0.271,0.0,0.26,1.173,385.9,-99.999,-99.999,1.7,70.3,271.324,1.0,0.26,1.173,90.2,0.0,-99.999,10.0,0.576,-99.999,-99.999,66.85950413223141,-99.999,0.0,0.0,0.0,0.0,0,99,0.0,
04/10/25,4.23,39,2.538,0.2,0.2,0.846,1.0,1.257,5.318,0.01,1.0,0.99,27.116,0.041,0.044,0.184,0.0,0.244,1.03,385.9,-99.999,-99.999,1.7,70.89999999999999,273.526,1.0,0.244,1.03,84.6,0.0,-99.999,10.0,0.578,-99.999,-99.999,67.10743801652893,-99.999,0.0,0.0,0.0,0.0,0,100,0.0,
04/11/25,3.64,40,2.184,0.2,0.2,0.728,1.0,1.29,4.697,0.009,1.0,0.991,27.241,0.031,0.034,0.124,0.0,0.234,0.852,385.9,-99.999,-99.999,1.7,71.6,276.276,1.0,0.234,0.852,72.8,0.0,-99.999,10.0,0.581,-99.999,-99.999,67.35537190082644,-99.999,0.0,0.0,0.0,0.0,0,101,0.0,
04/12/25,9.23,41,5.538,0.2,0.2,1.846,1.0,1.387,12.802,0.008,1.0,0.992,27.512,0.025,0.029,0.269,0.0,0.229,2.115,385.9,-99.999,-99.999,1.7,66.5,256.783,1.0,0.229,2.115,184.60000000000002,0.0,-99.999,10.0,0.586,-99.999,-99.999,67.60330578512396,-99.999,0.0,0.0,0.0,0.0,0,102,0.0,
04/13/25,8.05,42,4.83,0.2,0.2,1.61,1.0,1.369,11.022,0.008,1.0,0.992,27.608,0.01,0.012,0.094,0.0,0.212,1.704,385.9,-99.999,-99.999,1.7,68.2,263.115,1.0,0.212,1.704,161.0,0.0,-99.999,10.0,0.591,-99.999,-99.999,67.85123966942149,-99.999,0.0,0.0,0.0,0.0,0,103,0.0,
04/14/25,7.32,43,4.392,0.2,0.2,1.464,1.0,1.323,9.688,0.009,1.0,0.991,27.649,0.005,0.006,0.041,0.0,0.206,1.505,385.9,-99.999,-99.999,1.7,69.0,266.199,1.0,0.206,1.505,146.4,0.0,-99.999,10.0,0.594,-99.999,-99.999,68.09917355371901,-99.999,0.0,0.0,0.0,0.0,0,104,0.0,
04/15/25,4.35,44,2.61,0.2,0.2,0.87,1.0,1.251,5.441,0.01,1.0,0.99,27.661,0.003,0.003,0.013,0.0,0.203,0.883,385.9,-99.999,-99.999,1.7,71.5,275.802,1.0,0.203,0.883,87.0,0.0,-99.999,10.0,0.597,-99.999,-99.999,68.34710743801654,-99.999,0.0,0.0,0.0,0.0,0,105,11.88495868561262,
04/16/25,5.98,45,3.588,0.2,0.2,1.196,1.0,1.278,7.64,0.009,1.0,0.991,27.515,0.002,0.002,0.013,0.0,0.202,1.209,385.9,-99.999,-99.999,1.7,70.19999999999999,270.758,1.0,0.202,1.209,119.6,0.0,-99.999,10.0,0.599,-99.999,-99.999,68.59504132231405,-99.999,0.0,0.0,0.16,0.0,0,106,0.0,
04/17/25,6.29,46,3.774,0.2,0.2,1.258,1.0,1.275,8.02,0.009,1.0,0.991,27.582,0.01,0.011,0.067,0.0,0.211,1.325,385.9,-99.999,-99.999,1.7,69.69999999999999,268.972,1.0,0.211,1.325,125.8,0.0,-99.999,10.0,0.603,-99.999,-99.999,68.84297520661157,-99.999,0.0,0.0,0.0,0.0,0,107,0.0,
04/18/25,4.9,47,2.94,0.2,0.2,0.98,1.0,1.296,6.352,0.009,1.0,0.991,0.034,0.006,0.007,0.034,28.068,0.207,1.014,385.9,-99.999,-99.999,1.7,70.89999999999999,273.776,1.0,0.207,1.014,98.0,0.0,-99.999,10.0,0.461,-99.999,-99.999,69.0909090909091,-99.999,50.0,0.0,5.65,0.0,0,108,0.0,
04/19/25,3.43,48,2.058,0.2,0.2,0.686,1.0,1.175,4.031,0.011,1.0,0.989,3.382,1.0,0.975,3.345,3.516,1.175,4.031,385.9,-99.999,-99.999,1.7,58.9,227.199,1.0,1.175,4.031,68.60000000000001,0.0,-99.999,10.0,0.463,-99.999,-99.999,69.3388429752066,-99.999,0.0,0.0,3.55,0.0,0,109,0.0,
04/20/25,4.39,49,2.634,0.2,0.2,0.878,1.0,1.229,5.394,0.01,1.0,0.99,7.943,1.0,1.029,4.516,0.0,1.229,5.394,385.9,-99.999,-99.999,1.7,53.400000000000006,206.161,1.0,1.229,5.394,87.8,0.0,-99.999,10.0,0.477,-99.999,-99.999,69.58677685950414,-99.999,0.0,0.0,0.0,0.0,0,110,0.0,
04/21/25,4.88,50,2.928,0.2,0.2,0.976,1.0,1.284,6.267,0.009,1.0,0.991,13.284,1.0,1.084,5.291,0.0,1.284,6.267,385.9,-99.999,-99.999,1.7,49.9,192.687,1.0,1.284,6.267,97.6,0.0,-99.999,10.0,0.493,-99.999,-99.999,69.83471074380165,-99.999,0.0,0.0,0.0,0.0,0,111,0.0,
04/22/25,4.87,51,2.922,0.2,0.2,0.974,1.0,1.243,6.054,0.01,1.0,0.99,17.239,0.771,0.804,3.916,0.0,1.004,4.89,385.9,-99.999,-99.999,1.7,55.400000000000006,213.938,1.0,1.004,4.89,97.39999999999999,0.0,-99.999,10.0,0.505,-99.999,-99.999,70.08264462809917,-99.999,0.0,0.0,0.0,0.0,0,112,0.0,
04/23/25,5.82,52,3.492,0.2,0.2,1.164,1.0,1.275,7.419,0.009,1.0,0.991,20.281,0.559,0.601,3.499,0.0,0.801,4.663,385.9,-99.999,-99.999,1.7,56.3,217.44,1.0,0.801,4.663,116.39999999999999,0.0,-99.999,10.0,0.516,-99.999,-99.999,70.3305785123967,-99.999,0.0,0.0,0.49,0.0,0,113,0.0,
04/24/25,6.16,53,3.696,0.2,0.2,1.232,1.0,1.309,8.062,0.009,1.0,0.991,23.015,0.397,0.44,2.71,0.0,0.64,3.942,385.9,-99.999,-99.999,1.7,59.199999999999996,228.582,1.0,0.64,3.942,123.2,0.0,-99.999,10.0,0.526,-99.999,-99.999,70.57851239669421,-99.999,0.0,0.0,0.0,0.0,0,114,0.0,
04/25/25,4.45,54,2.67,0.2,0.2,0.89,1.0,1.21,5.386,0.01,1.0,0.99,24.153,0.251,0.253,1.126,0.0,0.453,2.016,385.9,-99.999,-99.999,1.7,66.9,258.302,1.0,0.453,2.016,89.0,0.0,-99.999,10.0,0.532,-99.999,-99.999,70.82644628099175,-99.999,0.0,0.0,0.0,0.0,0,115,0.0,
04/26/25,3.88,55,2.328,0.2,0.2,0.776,1.0,1.203,4.669,0.01,1.0,0.99,24.039,0.19,0.19,0.738,0.0,0.39,1.514,385.9,-99.999,-99.999,1.7,68.89999999999999,266.05,1.0,0.39,1.514,77.60000000000001,0.0,-99.999,10.0,0.533,-99.999,-99.999,71.07438016528926,-99.999,0.0,0.0,0.86,0.0,0,116,0.0,
04/27/25,4.52,56,2.712,0.2,0.2,0.904,1.0,1.237,5.591,0.01,1.0,0.99,20.616,0.196,0.203,0.918,0.0,0.403,1.822,385.9,-99.999,-99.999,1.7,67.7,261.308,1.0,0.403,1.822,90.4,0.0,-99.999,10.0,0.527,-99.999,-99.999,71.32231404958678,-99.999,0.0,0.0,4.35,0.0,0,117,0.0,
04/28/25,5.53,57,3.318,0.2,0.2,1.106,1.0,1.279,7.074,0.009,1.0,0.991,22.898,0.379,0.409,2.261,0.0,0.609,3.367,385.9,-99.999,-99.999,1.7,61.5,237.457,1.0,0.609,3.367,110.60000000000001,0.0,-99.999,10.0,0.536,-99.999,-99.999,71.5702479338843,-99.999,0.0,0.0,0.0,0.0,0,118,0.0,
04/29/25,6.26,58,3.756,0.2,0.2,1.252,1.0,1.294,8.101,0.009,1.0,0.991,24.243,0.257,0.281,1.759,0.0,0.481,3.011,385.9,-99.999,-99.999,1.7,63.0,242.95,1.0,0.481,3.011,125.2,0.0,-99.999,10.0,0.542,-99.999,-99.999,71.81818181818181,-99.999,0.0,0.0,0.43,0.0,0,119,0.0,
04/30/25,8.66,59,5.196,0.2,0.2,1.732,1.0,1.338,11.585,0.009,1.0,0.991,25.78,0.185,0.21,1.822,0.0,0.41,3.554,385.9,-99.999,-99.999,1.7,60.8,234.573,1.0,0.41,3.554,173.2,0.0,-99.999,10.0,0.551,-99.999,-99.999,72.06611570247934,-99.999,0.0,0.0,0.3,0.0,0,120,0.0,
05/01/25,7.21,60,4.326,0.2,0.2,1.442,1.0,1.305,9.41,0.009,1.0,0.991,26.606,0.103,0.113,0.818,0.0,0.313,2.26,385.9,-99.999,-99.999,1.7,66.0,254.54,1.0,0.313,2.26,144.2,0.0,-99.999,10.0,0.557,-99.999,-99.999,72.31404958677686,-99.999,0.0,0.0,0.0,0.0,0,121,16.894688627447955,
05/02/25,7.9,61,4.74,0.2,0.2,1.58,1.0,1.292,10.208,0.009,1.0,0.991,25.665,0.059,0.064,0.505,0.0,0.264,2.085,385.9,-99.999,-99.999,1.7,66.7,257.243,1.0,0.264,2.085,158.0,0.0,-99.999,10.0,0.558,-99.999,-99.999,72.56198347107438,-99.999,0.0,0.0,1.45,0.0,0,122,0.0,
05/03/25,5.59,62,3.354,0.2,0.2,1.118,1.0,1.276,7.133,0.009,1.0,0.991,26.326,0.109,0.117,0.654,0.0,0.317,1.772,385.9,-99.999,-99.999,1.7,67.9,262.066,1.0,0.317,1.772,111.80000000000001,0.0,-99.999,10.0,0.563,-99.999,-99.999,72.80991735537191,-99.999,0.0,0.0,0.0,0.0,0,123,0.0,
05/04/25,4.98,63,2.988,0.2,0.2,0.996,1.0,1.257,6.258,0.01,1.0,0.99,26.716,0.073,0.078,0.387,0.0,0.278,1.383,385.9,-99.999,-99.999,1.7,69.5,268.083,1.0,0.278,1.383,99.6,0.0,-99.999,10.0,0.566,-99.999,-99.999,73.05785123966942,-99.999,0.0,0.0,0.0,0.0,0,124,0.0,
05/05/25,6.46,64,3.876,0.2,0.2,1.292,1.0,1.312,8.478,0.009,1.0,0.991,26.998,0.053,0.059,0.378,0.0,0.259,1.67,385.9,-99.999,-99.999,1.7,68.30000000000001,263.647,1.0,0.259,1.67,129.20000000000002,0.0,-99.999,10.0,0.57,-99.999,-99.999,73.30578512396694,-99.999,0.0,0.0,0.1,0.0,0,125,0.0,
05/06/25,6.72,65,4.032,0.2,0.2,1.344,1.0,1.312,8.816,0.009,1.0,0.991,27.161,0.038,0.042,0.281,0.0,0.242,1.625,385.9,-99.999,-99.999,1.7,68.5,264.348,1.0,0.242,1.625,134.4,0.0,-99.999,10.0,0.574,-99.999,-99.999,73.55371900826447,-99.999,0.0,0.0,0.12,0.0,0,126,0.0,
05/07/25,5.94,66,3.564,0.2,0.2,1.188,1.0,1.278,7.592,0.009,1.0,0.991,25.767,0.029,0.031,0.185,0.0,0.231,1.373,385.9,-99.999,-99.999,1.7,69.5,268.237,1.0,0.231,1.373,118.8,0.0,-99.999,10.0,0.574,-99.999,-99.999,73.80165289256198,-99.999,0.0,0.0,1.58,0.0,0,127,0.0,
05/08/25,4.21,67,2.526,0.2,0.2,0.842,1.0,1.242,5.227,0.01,1.0,0.99,22.425,0.103,0.108,0.453,0.0,0.308,1.295,385.9,-99.999,-99.999,1.7,69.8,269.431,1.0,0.308,1.295,84.2,0.0,-99.999,10.0,0.567,-99.999,-99.999,74.04958677685951,-99.999,0.0,0.0,3.8,0.0,0,128,0.0,
05/09/25,5.39,68,3.234,0.2,0.2,1.078,1.0,1.319,7.111,0.009,1.0,0.991,13.792,0.282,0.316,1.702,0.0,0.516,2.78,385.9,-99.999,-99.999,1.7,63.9,246.517,1.0,0.516,2.78,107.80000000000001,0.0,-99.999,10.0,0.548,-99.999,-99.999,74.29752066115702,-99.999,0.0,0.0,10.35,0.0,0,129,0.0,
05/10/25,5.91,69,3.546,0.2,0.2,1.182,1.0,1.301,7.687,0.009,1.0,0.991,18.674,0.744,0.819,4.838,0.0,1.019,6.02,385.9,-99.999,-99.999,1.7,50.9,196.497,0.922,1.003,5.928,108.89999999999999,0.0,-99.999,10.0,0.563,-99.999,-99.999,74.54545454545455,-99.999,0.0,0.0,0.0,0.0,0,130,0.0,
05/11/25,6.77,70,4.062,0.2,0.2,1.354,1.0,1.29,8.732,0.009,1.0,0.991,21.648,0.483,0.526,3.561,0.0,0.726,4.915,385.9,-99.999,-99.999,1.7,55.300000000000004,213.558,0.978,0.722,4.886,132.5,0.0,-99.999,10.0,0.574,-99.999,-99.999,74.79338842975207,-99.999,0.0,0.0,0.62,0.0,0,131,0.0,
05/12/25,6.49,71,3.894,0.2,0.2,1.298,1.0,1.271,8.249,0.009,1.0,0.991,23.919,0.324,0.347,2.249,0.0,0.547,3.547,385.9,-99.999,-99.999,1.7,60.8,234.668,1.0,0.547,3.547,129.8,0.0,-99.999,10.0,0.583,-99.999,-99.999,75.04132231404958,-99.999,0.0,0.0,0.0,0.0,0,132,0.0,
05/13/25,4.51,72,2.706,0.2,0.2,0.902,1.0,1.224,5.518,0.01,1.0,0.99,24.652,0.202,0.207,0.933,0.0,0.407,1.835,385.9,-99.999,-99.999,1.7,67.7,261.095,1.0,0.407,1.835,90.2,0.0,-99.999,10.0,0.588,-99.999,-99.999,75.28925619834712,-99.999,0.0,0.0,0.21,0.0,0,133,0.0,
05/14/25,5.77,73,3.462,0.2,0.2,1.154,1.0,1.246,7.189,0.01,1.0,0.99,25.645,0.163,0.17,0.984,0.0,0.37,2.138,385.9,-99.999,-99.999,1.7,66.4,256.429,1.0,0.37,2.138,115.39999999999999,0.0,-99.999,10.0,0.593,-99.999,-99.999,75.53719008264463,-99.999,0.0,0.0,0.0,0.0,0,134,0.0,
05/15/25,5.21,74,3.126,0.2,0.2,1.042,1.0,1.257,6.548,0.01,1.0,0.99,26.256,0.11,0.116,0.605,0.0,0.316,1.647,385.9,-99.999,-99.999,1.7,68.4,264.002,1.0,0.316,1.647,104.2,0.0,-99.999,10.0,0.597,-99.999,-99.999,75.78512396694215,-99.999,0.0,0.0,0.0,0.0,0,135,0.0,
05/16/25,9.02,75,5.412,0.2,0.2,1.804,1.0,1.324,11.942,0.009,1.0,0.991,27.046,0.077,0.087,0.783,0.0,0.287,2.587,385.9,-99.999,-99.999,1.7,64.7,249.496,1.0,0.287,2.587,180.4,0.0,-99.999,10.0,0.604,-99.999,-99.999,76.03305785123968,-99.999,0.0,0.0,0.0,0.0,0,136,0.0,
05/17/25,8.12,76,4.872,0.2,0.2,1.624,1.0,1.347,10.936,0.009,1.0,0.991,27.374,0.035,0.04,0.326,0.0,0.24,1.95,385.9,-99.999,-99.999,1.7,67.2,259.329,1.0,0.24,1.95,162.4,0.0,-99.999,10.0,0.609,-99.999,-99.999,76.28099173553719,-99.999,0.0,0.0,0.0,0.0,0,137,0.0,
05/18/25,7.54,77,4.524,0.2,0.2,1.508,1.0,1.298,9.786,0.009,1.0,0.991,27.52,0.017,0.019,0.144,0.0,0.219,1.652,385.9,-99.999,-99.999,1.7,68.4,263.922,1.0,0.219,1.652,150.8,0.0,-99.999,10.0,0.613,-99.999,-99.999,76.52892561983471,-99.999,0.0,0.0,0.0,0.0,0,138,0.0,
05/19/25,8.05,78,4.83,0.2,0.2,1.61,1.0,1.275,10.261,0.009,1.0,0.991,27.604,0.01,0.01,0.083,0.0,0.21,1.693,385.9,-99.999,-99.999,1.7,68.2,263.287,1.0,0.21,1.693,161.0,0.0,-99.999,10.0,0.618,-99.999,-99.999,76.77685950413223,-99.999,0.0,0.0,0.0,0.0,0,139,0.0,
05/20/25,9.02,79,5.412,0.2,0.2,1.804,1.0,1.31,11.817,0.009,1.0,0.991,27.656,0.005,0.006,0.051,0.0,0.206,1.855,385.9,-99.999,-99.999,1.7,67.60000000000001,260.785,1.0,0.206,1.855,180.4,0.0,-99.999,10.0,0.623,-99.999,-99.999,77.02479338842976,-99.999,0.0,0.0,0.0,0.0,0,140,0.0,
05/21/25,8.54,80,5.124,0.2,0.2,1.708,1.0,1.321,11.281,0.009,1.0,0.991,27.679,0.002,0.003,0.023,0.0,0.203,1.731,385.9,-99.999,-99.999,1.7,68.10000000000001,262.711,1.0,0.203,1.731,170.79999999999998,0.0,-99.999,10.0,0.627,-99.999,-99.999,77.27272727272728,-99.999,0.0,0.0,0.0,0.0,0,141,0.0,
05/22/25,6.91,81,4.146,0.2,0.2,1.382,1.0,1.316,9.095,0.009,1.0,0.991,27.688,0.001,0.001,0.009,0.0,0.201,1.391,385.9,-99.999,-99.999,1.7,69.39999999999999,267.957,1.0,0.201,1.391,138.2,0.0,-99.999,10.0,0.631,-99.999,-99.999,77.52066115702479,-99.999,0.0,0.0,0.0,0.0,0,142,0.0,
05/23/25,0.1,82,0.06,0.2,0.2,0.02,1.0,1.088,0.109,0.012,1.0,0.988,23.108,0.001,0.001,0.0,0.0,0.201,0.02,385.9,-99.999,-99.999,1.7,74.9,289.115,1.0,0.201,0.02,2.0,0.0,-99.999,10.0,0.619,-99.999,-99.999,77.76859504132231,-99.999,0.0,0.0,4.58,0.0,0,143,0.0,
05/24/25,3.94,83,2.364,0.2,0.2,0.788,1.0,1.212,4.775,0.01,1.0,0.99,24.097,0.246,0.249,0.979,0.0,0.449,1.767,385.9,-99.999,-99.999,1.7,67.9,262.146,1.0,0.449,1.767,78.8,0.0,-99.999,10.0,0.623,-99.999,-99.999,78.01652892561984,-99.999,0.0,0.0,0.0,0.0,0,144,0.0,
05/25/25,6.78,84,4.068,0.2,0.2,1.356,1.0,1.278,8.662,0.009,1.0,0.991,25.518,0.193,0.208,1.408,0.0,0.408,2.764,385.9,-99.999,-99.999,1.7,63.9,246.765,1.0,0.408,2.764,135.60000000000002,0.0,-99.999,10.0,0.631,-99.999,-99.999,78.26446280991735,-99.999,0.0,0.0,0.0,0.0,0,145,0.0,
05/26/25,6.76,85,4.056,0.2,0.2,1.352,1.0,1.287,8.701,0.009,1.0,0.991,26.263,0.117,0.127,0.858,0.0,0.327,2.21,385.9,-99.999,-99.999,1.7,66.2,255.318,1.0,0.327,2.21,135.20000000000002,0.0,-99.999,10.0,0.636,-99.999,-99.999,78.51239669421489,-99.999,0.0,0.0,0.12,0.0,0,146,0.0,
05/27/25,7.66,86,4.596,0.2,0.2,1.532,1.0,1.292,9.897,0.009,1.0,0.991,26.852,0.077,0.084,0.643,0.0,0.284,2.175,385.9,-99.999,-99.999,1.7,66.3,255.858,1.0,0.284,2.175,153.2,0.0,-99.999,10.0,0.641,-99.999,-99.999,78.7603305785124,-99.999,0.0,0.0,0.06,0.0,0,147,0.0,
05/28/25,8.46,87,5.076,0.2,0.2,1.692,1.0,1.322,11.187,0.009,1.0,0.991,25.286,0.045,0.051,0.431,0.0,0.251,2.123,385.9,-99.999,-99.999,1.7,66.5,256.662,1.0,0.251,2.123,169.2,0.0,-99.999,10.0,0.642,-99.999,-99.999,79.00826446280992,-99.999,0.0,0.0,2.0,0.0,0,148,0.0,
05/29/25,8.7,88,5.22,0.2,0.2,1.74,1.0,1.294,11.261,0.009,1.0,0.991,26.527,0.129,0.141,1.229,0.0,0.341,2.969,385.9,-99.999,-99.999,1.7,63.1,243.597,0.971,0.336,2.919,169.0,0.0,-99.999,10.0,0.649,-99.999,-99.999,79.25619834710744,-99.999,0.0,0.0,0.0,0.0,0,149,0.0,
05/30/25,9.67,89,5.802,0.2,0.2,1.934,1.0,1.301,12.581,0.009,1.0,0.991,27.201,0.063,0.069,0.668,0.0,0.269,2.602,385.9,-99.999,-99.999,1.7,64.60000000000001,249.26,0.99,0.267,2.583,191.5,0.0,-99.999,10.0,0.656,-99.999,-99.999,79.50413223140495,-99.999,0.0,0.0,0.0,0.0,0,150,0.0,
05/31/25,5.72,90,3.432,0.2,0.2,1.144,1.0,1.23,7.035,0.01,1.0,0.99,27.36,0.027,0.027,0.157,0.0,0.227,1.301,385.9,-99.999,-99.999,1.7,69.8,269.339,1.0,0.227,1.301,114.39999999999999,0.0,-99.999,10.0,0.659,-99.999,-99.999,79.75206611570249,-99.999,0.0,0.0,0.0,0.0,0,151,0.0,
06/01/25,5.71,91,3.426,0.2,0.2,1.142,1.0,1.246,7.116,0.01,1.0,0.99,27.359,0.018,0.019,0.109,0.0,0.219,1.251,385.9,-99.999,-99.999,1.7,70.0,270.118,1.0,0.219,1.251,114.19999999999999,0.0,-99.999,10.0,0.662,-99.999,-99.999,80.0,-99.999,0.0,0.0,0.11,0.0,0,152,0.0,
